trial,width,offset,ext_offset,repeat,status,model_match,randomness_word_hex,randomness_bytes_hex,input_packet_hex,input_w0,input_w1,input_w2,input_w3,expected_hw_output,expected_sw_output,glitched_output,expected_fault_model_output,fault_byte_count,fault_byte_positions_0_indexed,xor_diffs_hex,expected_z0,expected_z1,glitched_z0,glitched_z1,model_fault_z0,model_fault_z1
1,-10,14,67,1,fault,other_fault,0xbb4b59d9,d9594bbb,cb4953002e3dccf6a4c73eefd12285ab,0x005349cb,0xf6cc3d2e,0xef3ec7a4,0xab8522d1,d979cf19bc1d545d,d979cf19bc1d545d,002084a2e5258944,d979cf1980411200,8,0;1;2;3;4;5;6;7,d9;59;4b;bb;59;38;dd;19,0x19cf79d9,0x5d541dbc,0xa2842000,0x448925e5,0x19cf79d9,0x00124180
2,-10,14,67,1,fault,other_fault,0x7b9fa445,45a49f7b,e258ddcebd76663aaa28c68f4d9c3e08,0xcedd58e2,0x3a6676bd,0x8fc628aa,0x083e9c4d,48b0b9730f9401f7,48b0b9730f9401f7,0d142608e52c7c0a,48b0b973a208c48e,8,0;1;2;3;4;5;6;7,45;a4;9f;7b;ea;b8;7d;fd,0x73b9b048,0xf701940f,0x0826140d,0x0a7c2ce5,0x73b9b048,0x8ec408a2
3,-10,14,67,1,fault,other_fault,0x98913644,44369198,7502c1fe34031dc1182f97cc66c9fb7f,0xfec10275,0xc11d0334,0xcc972f18,0x7ffbc966,603788d92037c4ea,603788d92037c4ea,240119415002cdff,603788d9100281cc,8,0;1;2;3;4;5;6;7,44;36;91;98;70;35;09;15,0xd9883760,0xeac43720,0x41190124,0xffcd0250,0xd9883760,0xcc810210
4,-10,14,67,1,fault,other_fault,0x7ca66709,0967a67c,971c697b2c2501260b8efca485c4fb0d,0x7b691c97,0x2601252c,0xa4fc8e0b,0x0dfbc485,0d63a778876ba771,0d63a778876ba771,0404010489046829,0d63a778030c6820,8,0;1;2;3;4;5;6;7,09;67;a6;7c;0e;6f;cf;58,0x78a7630d,0x71a76b87,0x04010404,0x29680489,0x78a7630d,0x20680c03
5,-10,14,67,1,fault,other_fault,0x749b5e4e,4e5e9b74,257e9bb9a35f9244a9ff0757de9440ec,0xb99b7e25,0x44925fa3,0x5707ffa9,0xec4094de,cc4a9b30ca6b9a89,cc4a9b30ca6b9a89,82140044275f02a8,cc4a9b30217e0311,8,0;1;2;3;4;5;6;7,4e;5e;9b;74;ed;34;98;21,0x309b4acc,0x899a6bca,0x44001482,0xa8025f27,0x309b4acc,0x11037e21
6,-10,14,67,1,fault,other_fault,0xe275586c,6c5875e2,a2a6447bda488ad27a02fa21837062a6,0x7b44a6a2,0xd28a48da,0x21fa027a,0xa6627083,ee187760967affe1,ee187760967affe1,824002825a60c8a0,ee18776022024021,8,0;1;2;3;4;5;6;7,6c;58;75;e2;cc;1a;37;41,0x607718ee,0xe1ff7a96,0x82024082,0xa0c8605a,0x607718ee,0x21400222
7,-10,14,67,1,fault,other_fault,0xe13694d8,d89436e1,853c51d4fb7c37f3026279f868b84ac5,0xd4513c85,0xf3377cfb,0xf8796202,0xc54ab868,b0ac3420daec1605,b0ac3420daec1605,683802c16a6073f5,b0ac3420002051d0,8,0;1;2;3;4;5;6;7,d8;94;36;e1;b0;8c;65;f0,0x2034acb0,0x0516ecda,0xc1023868,0xf573606a,0x2034acb0,0xd0512000
8,-10,14,67,1,fault,other_fault,0x0170e709,09e77001,8fb2632c9885b6866f6eceeff12b0760,0x2c63b28f,0x86b68598,0xefce6e6f,0x60072bf1,99e676018fe3b78b,99e676018fe3b78b,90010600192783a6,99e676010f22422c,8,0;1;2;3;4;5;6;7,09;e7;70;01;96;c4;34;2d,0x0176e699,0x8bb7e38f,0x00060190,0xa6832719,0x0176e699,0x2c42220f
9,-10,14,67,1,fault,other_fault,0x9b7e69b4,b4697e9b,8c45b9685816f349728995e124fc7b6a,0x68b9458c,0x49f31658,0xe1958972,0x6a7bfc24,b47d0dd3e02c47d2,b47d0dd3e02c47d2,001473485450db61,b47d0dd300019160,8,0;1;2;3;4;5;6;7,b4;69;7e;9b;b4;7c;9c;b3,0xd30d7db4,0xd2472ce0,0x48731400,0x61db5054,0xd30d7db4,0x60910100
10,-10,14,67,1,fault,other_fault,0x43ab944a,4a94ab43,9a0d59da6d4a3e693af1514c0c9f6946,0xda590d9a,0x693e4a6d,0x4c51f13a,0x46699f0c,469e830370d8a301,469e830370d8a301,0c0a28402c47714a,469e83031a015148,8,0;1;2;3;4;5;6;7,4a;94;ab;43;5c;9f;d2;4b,0x03839e46,0x01a3d870,0x40280a0c,0x4a71472c,0x03839e46,0x4851011a
11,-10,14,67,1,fault,other_fault,0x16898cd7,d78c8916,8c6fa4051c6d52e8298518eff06c4cd3,0x05a46f8c,0xe8526d1c,0xef188529,0xd34c6cf0,c7e0c9d657e09dfa,c7e0c9d657e09dfa,106c40c098055429,c7e0c9d608050005,8,0;1;2;3;4;5;6;7,d7;8c;89;16;cf;e5;c9;d3,0xd6c9e0c7,0xfa9de057,0xc0406c10,0x29540598,0xd6c9e0c7,0x05000508
12,-10,14,67,1,fault,other_fault,0x5ad8b38b,8bb3d85a,6be833b1cb8f697bf25986f421e52118,0xb133e86b,0x7b698fcb,0xf48659f2,0x1821e521,8a36f9420a12fb8a,8a36f9420a12fb8a,01852118e26c0078,8a36f942624802b0,8,0;1;2;3;4;5;6;7,8b;b3;d8;5a;e8;7e;fb;f2,0x42f9368a,0x8afb120a,0x18218501,0x78006ce2,0x42f9368a,0xb0024862
13,-10,14,67,1,fault,other_fault,0x5512e800,00e81255,29cc34185b3d85501c4428d582667c15,0x1834cc29,0x50853d5b,0xd528441c,0x157c6682,02cc164510ec0605,02cc164510ec0605,022404101a643050,02cc164508442010,7,1;2;3;4;5;6;7,e8;12;55;0a;88;36;55,0x4516cc02,0x0506ec10,0x10042402,0x5030641a,0x4516cc02,0x10204408
14,-10,14,67,1,fault,other_fault,0x977047ba,ba477097,6757ce1e56451191fdd566a1981055df,0x1ece5767,0x91114556,0xa166d5fd,0xdf551098,aa4761068b477208,aa4761068b477208,100011914455550e,aa47610665554600,8,0;1;2;3;4;5;6;7,ba;47;70;97;cf;12;27;06,0x066147aa,0x0872478b,0x91110010,0x0e555544,0x066147aa,0x00465565
15,-10,14,67,1,fault,other_fault,0x440d148c,8c140d44,bd3eaf600c489f7ee3b575565145b6f4,0x60af3ebd,0x7e9f480c,0x5675b5e3,0xf4b64551,8c549b303c249b32,8c549b303c249b32,0040967411442542,8c549b30a1342540,8,0;1;2;3;4;5;6;7,8c;14;0d;44;2d;60;be;70,0x309b548c,0x329b243c,0x74964000,0x42254411,0x309b548c,0x402534a1
16,-10,14,67,1,fault,other_fault,0x23072a3d,3d2a0723,4ad5033211c7140076427297d7402a48,0x3203d54a,0x0014c711,0x97724276,0x482a40d7,2c6a07232d681731,2c6a07232d681731,1140000043421200,2c6a072342400212,8,0;1;2;3;4;5;6;7,3d;2a;07;23;6e;2a;05;31,0x23076a2c,0x3117682d,0x00004011,0x00124243,0x23076a2c,0x12024042
17,-10,14,67,1,fault,other_fault,0xcacfa02e,2ea0cfca,d8e6f6b12a22a258a5efdf2d093c3ac7,0xb1f6e6d8,0x58a2222a,0x2ddfefa5,0xc73a3c09,2680ed8a8640a962,2680ed8a8640a962,08202240202692c9,2680ed8a80e6d621,8,0;1;2;3;4;5;6;7,2e;a0;cf;ca;a6;66;3b;ab,0x8aed8026,0x62a94086,0x40222008,0xc9922620,0x8aed8026,0x21d6e680
18,-10,14,67,1,fault,other_fault,0x41034fed,ed4f0341,886cbface792f9df2d3a28bc67cde2d8,0xacbf6c88,0xdff992e7,0xbc283a2d,0xd8e2cd67,8acfe399c039a1f9,8acfe399c039a1f9,6780e0d842de6acc,8acfe399082828ac,8,0;1;2;3;4;5;6;7,ed;4f;03;41;82;e7;cb;35,0x99e3cf8a,0xf9a139c0,0xd8e08067,0xcc6ade42,0x99e3cf8a,0xac282808
19,-10,14,67,1,fault,other_fault,0xb05b3f99,993f5bb0,a770483da799d70947c279d85b712fd3,0x3d4870a7,0x09d799a7,0xd879c247,0xd32f715b,9a2e5cb19a8f4ab1,9a2e5cb19a8f4ab1,0311070107e15e18,9a2e5cb107404818,8,0;1;2;3;4;5;6;7,99;3f;5b;b0;9d;6e;14;a9,0xb15c2e9a,0xb14a8f9a,0x01071103,0x185ee107,0xb15c2e9a,0x18484007
20,-10,14,67,1,fault,other_fault,0x0c7734bb,bb34770c,d93f4f1aed22b3045e755a5df5cb7123,0x1a4f3fd9,0x04b322ed,0x5d5a755e,0x2371cbf5,5e36460c7e2a6e12,5e36460c7e2a6e12,e502310078296206,5e36460c58354a18,8,0;1;2;3;4;5;6;7,bb;34;77;0c;06;03;0c;14,0x0c46365e,0x126e2a7e,0x003102e5,0x06622978,0x0c46365e,0x184a3558
21,-10,14,67,1,fault,other_fault,0x6e3a1fa8,a81f3a6e,d357919ae2f75f2b96c45febdc341ac8,0x9a9157d3,0x2b5ff7e2,0xeb5fc496,0xc81a34dc,682b2066688b6447,682b2066688b6447,c0341a0892e455ab,682b20669244118a,8,0;1;2;3;4;5;6;7,a8;1f;3a;6e;fa;6f;31;ec,0x66202b68,0x47648b68,0x081a34c0,0xab55e492,0x66202b68,0x8a114492
22,-10,14,67,1,fault,other_fault,0x09916a9a,9a6a9109,0139bf138a37ae7a9bedc7eec96e95f9,0x13bf3901,0x7aae378a,0xeec7ed9b,0xf9956ec9,124c1571104e0570,124c1571104e0570,88268478032b9703,124c157101298702,8,0;1;2;3;4;5;6;7,9a;6a;91;09;13;65;92;73,0x71154c12,0x70054e10,0x78842688,0x03972b03,0x71154c12,0x02872901
23,-10,14,67,1,fault,other_fault,0x48d01708,0817d048,a9492864eeaa6d3104508a73f356e7af,0x642849a9,0x316daaee,0x738a5004,0xafe756f3,ea15b569ad17f03d,ea15b569ad17f03d,e202652147424d34,ea15b56900400860,8,0;1;2;3;4;5;6;7,08;17;d0;48;ea;55;bd;09,0x69b515ea,0x3df017ad,0x216502e2,0x344d4247,0x69b515ea,0x60084000
24,-10,14,67,1,fault,other_fault,0x83b0eb03,03ebb083,22535f5df05981cdd0c035d5bfa17a1c,0x5d5f5322,0xcd8159f0,0xd535c0d0,0x1c7aa1bf,b3eab08ff1eafe0f,b3eab08ff1eafe0f,b001000c42405bd5,b3eab08f00401555,8,0;1;2;3;4;5;6;7,03;eb;b0;83;b3;aa;a5;da,0x8fb0eab3,0x0ffeeaf1,0x0c0001b0,0xd55b4042,0x8fb0eab3,0x55154000
25,-10,14,67,1,fault,other_fault,0x9d57c4c4,c4c4579d,4981f3220e3dd22b58ed0b95bec05111,0x22f38149,0x2bd23d0e,0x950bed58,0x1151c0be,cac4079c8ce8079c,cac4079c8ce8079c,0e0050010ead0300,cac4079c48810300,8,0;1;2;3;4;5;6;7,c4;c4;57;9d;82;45;04;9c,0x9c07c4ca,0x9c07e88c,0x0150000e,0x0003ad0e,0x9c07c4ca,0x00038148
26,-10,14,67,1,fault,other_fault,0x984a8dca,ca8d4a98,2085869bc682bc0f2bbc3535334d1774,0x9b868520,0x0fbc82c6,0x3535bc2b,0x74174d33,c88d5e9cc88c7c9c,c88d5e9cc88c7c9c,0200140420852611,c88d5e9c20840411,8,0;1;2;3;4;5;6;7,ca;8d;4a;98;e8;09;5a;8d,0x9c5e8dc8,0x9c7c8cc8,0x04140002,0x11268520,0x9c5e8dc8,0x11048420
27,-10,14,67,1,fault,other_fault,0x7ae4839c,9c83e47a,363a8d91df50ddeaf2aecdc291b43997,0x918d3a36,0xeadd50df,0xc2cdaef2,0x9739b491,0d93fdf86c99ada9,0d93fdf86c99ada9,911019825320ddd1,0d93fdf8322a8d80,8,0;1;2;3;4;5;6;7,9c;83;e4;7a;3f;b9;70;78,0xf8fd930d,0xa9ad996c,0x82191091,0xd1dd2053,0xf8fd930d,0x808d2a32
28,-10,14,67,1,fault,other_fault,0xaaab989a,9a98abaa,9e6204d2d7085c83be94d53d2240e5ed,0xd204629e,0x835c08d7,0x3dd594be,0xede54022,9898ef2b90d8ff7b,9898ef2b90d8ff7b,0200448196401440,9898ef2b9e000410,8,0;1;2;3;4;5;6;7,9a;98;ab;aa;06;98;eb;3b,0x2bef9898,0x7bffd890,0x81440002,0x40144096,0x2bef9898,0x1004009e
29,-10,14,67,1,fault,other_fault,0x1ec687de,de87c61e,b376e48aa186ffc134ed964be7fb2d56,0x8ae476b3,0xc1ff86a1,0x4b96ed34,0x562dfbe7,7f05eb5e6d15f057,7f05eb5e6d15f057,a1822d4022749f03,7f05eb5e3064840a,8,0;1;2;3;4;5;6;7,de;87;c6;1e;4f;61;6f;54,0x5eeb057f,0x57f0156d,0x402d82a1,0x039f7422,0x5eeb057f,0x0a846430
30,-10,14,67,1,fault,other_fault,0x895eef5b,5bef5e89,baffe928b26ee49ae1391441a2c12d29,0x28e9ffba,0x9ae46eb2,0x411439e1,0x292dc1a2,f9af7a81f93f73a1,f9af7a81f93f73a1,a2402408a0a90920,f9af7a81a0390000,8,0;1;2;3;4;5;6;7,5b;ef;5e;89;59;96;7a;81,0x817aaff9,0xa1733ff9,0x082440a2,0x2009a9a0,0x817aaff9,0x000039a0
31,-10,14,67,1,fault,other_fault,0xc9526158,586152c9,6af2fcc2ab59528659e1429011949366,0xc2fcf26a,0x865259ab,0x9042e159,0x66939411,597140cf1950c08b,597140cf1950c08b,0110120608c1c0c4,597140cf48e04080,7,0;1;2;3;4;5;7,58;61;52;c9;11;91;4f,0xcf407159,0x8bc05019,0x06121001,0xc4c0c108,0xcf407159,0x8040e048
32,-10,14,67,1,fault,other_fault,0x41f3638e,8e63f341,783ccabf7b7bc83c5e96bd1655bc4f6a,0xbfca3c78,0x3cc87b7b,0x16bd965e,0x6a4fbc55,df5bbb69dc59b969,df5bbb69dc59b969,513848285b168a16,df5bbb6958148816,8,0;1;2;3;4;5;6;7,8e;63;f3;41;87;4f;33;7f,0x69bb5bdf,0x69b959dc,0x28483851,0x168a165b,0x69bb5bdf,0x16881458
33,-10,14,67,1,fault,other_fault,0x004191a7,a7914100,38f421dd022d44834ca30263fb2e1d95,0xdd21f438,0x83442d02,0x6302a34c,0x951d2efb,a5bd4581973440d7,a5bd4581973440d7,022c04813a290517,a5bd458108a00041,7,0;1;2;4;5;6;7,a7;91;41;ad;1d;45;c0,0x8145bda5,0xd7403497,0x81042c02,0x1705293a,0x8145bda5,0x4100a008
34,-10,14,67,1,fault,other_fault,0xdd908c0e,0e8c90dd,5a0d057d7016ec7e1454ffd40534c76b,0x7d050d5a,0x7eec1670,0xd4ff5414,0x6bc73405,0e9854b70e987cb4,0e9854b70e987cb4,0014c46a10042d57,0e9854b710040554,8,0;1;2;3;4;5;6;7,0e;8c;90;dd;1e;9c;51;e3,0xb754980e,0xb47c980e,0x6ac41400,0x572d0410,0xb754980e,0x54050410
35,-10,14,67,1,fault,other_fault,0x232e9d30,309d2e23,5c36ef1be1d4176f0689eb04c0958d38,0x1bef365c,0x6f17d4e1,0x04eb8906,0x388d95c0,f0092b0b74094b3f,f0092b0b74094b3f,c094052880008b34,f0092b0b0400eb00,8,0;1;2;3;4;5;6;7,30;9d;2e;23;f4;09;c0;0b,0x0b2b09f0,0x3f4b0974,0x280594c0,0x348b0080,0x0b2b09f0,0x00eb0004
36,-10,14,67,1,fault,other_fault,0x837e8b60,608b7e83,23ce1e3255032e618e5cf12f41da37c1,0x321ece23,0x612e0355,0x2ff15c8e,0xc137da41,218958c2670d5880,218958c2670d5880,4102264144c81060,218958c2024c1022,8,0;1;2;3;4;5;6;7,60;8b;7e;83;23;c5;48;e0,0xc2588921,0x80580d67,0x41260241,0x6010c844,0xc2588921,0x22104c02
37,-10,14,67,1,fault,other_fault,0xa901711a,1a7101a9,cd1d0eb31a15cd78e633dcc6c116ff8d,0xb30e1dcd,0x78cd151a,0xc6dc33e6,0x8dff16c1,1a65cca11d65cfea,1a65cca11d65cfea,0014cd08c3110fc9,1a65cca1c4110c82,8,0;1;2;3;4;5;6;7,1a;71;01;a9;de;74;c0;23,0xa1cc651a,0xeacf651d,0x08cd1400,0xc90f11c3,0xa1cc651a,0x820c11c4
38,-10,14,67,1,fault,other_fault,0xc887f21e,1ef287c8,b6a206dabc52b0598b1e66883b7053fe,0xda06a2b6,0x59b052bc,0x88661e8b,0xfe53703b,26a2979026c2a392,26a2979026c2a392,385010588262328a,26a2979082020688,8,0;1;2;3;4;5;6;7,1e;f2;87;c8;a4;a0;91;18,0x9097a226,0x92a3c226,0x58105038,0x8a326282,0x9097a226,0x88060282
39,-10,14,67,1,fault,other_fault,0xef7b9bb2,b29b7bef,5f02cd94a267591c9cbf406ec3e52df3,0x94cd025f,0x1c5967a2,0x6e40bf9c,0xf32de5c3,30fe72ff6dbe7677,30fe72ff6dbe7677,826509104142448c,30fe72ff1c024004,8,0;1;2;3;4;5;6;7,b2;9b;7b;ef;2c;fc;32;fb,0xff72fe30,0x7776be6d,0x10096582,0x8c444241,0xff72fe30,0x0440021c
40,-10,14,67,1,fault,other_fault,0xd997ae1f,1fae97d9,6c6f5d9b804689ee3ff9fc698fe812c2,0x9b5d6f6c,0xee894680,0x69fcf93f,0xc212e88f,9fee971b3fef533a,9fee971b3fef533a,804000c28c689828,9fee971b2c695c09,8,0;1;2;3;4;5;6;7,1f;ae;97;d9;b3;87;cb;12,0x1b97ee9f,0x3a53ef3f,0xc2004080,0x2898688c,0x1b97ee9f,0x095c692c
41,-10,14,67,1,fault,other_fault,0xce108ae9,e98a10ce,c407783f48ac8307f5799120121624f4,0x3f7807c4,0x0783ac48,0x209179f5,0xf4241612,e98e10ca6da5a1da,e98e10ca6da5a1da,00040004402aa130,e98e10cac4011020,7,0;1;2;3;4;5;7,e9;8a;10;ce;2d;8f;ea,0xca108ee9,0xdaa1a56d,0x04000400,0x30a12a40,0xca108ee9,0x201001c4
42,-10,14,67,1,fault,other_fault,0x4f109581,8195104f,88493b8d184fd878f236ea784271d9f3,0x8d3b4988,0x78d84f18,0x78ea36f2,0xf3d97142,81d4c83f11d2ebbe,81d4c83f11d2ebbe,0041d87010060989,81d4c83f80002a08,8,0;1;2;3;4;5;6;7,81;95;10;4f;01;d4;e2;37,0x3fc8d481,0xbeebd211,0x70d84100,0x89090610,0x3fc8d481,0x082a0080
43,-10,14,67,1,fault,other_fault,0xe69eb164,64b19ee6,7b2208ba064451c5b96564a41dff8d08,0xba08227b,0xc5514406,0xa46465b9,0x088dff1d,60f59fe644f7d6ca,60f59fe644f7d6ca,044401001d22498c,60f59fe6392000a0,8,0;1;2;3;4;5;6;7,64;b1;9e;e6;59;d5;9f;46,0xe69ff560,0xcad6f744,0x00014404,0x8c49221d,0xe69ff560,0xa0002039
44,-10,14,67,1,fault,other_fault,0x835ca6e1,e1a65c83,b020b0b3f7c93a8a2a0fa57ce0751275,0xb3b020b0,0x8a3ac9f7,0x7ca50f2a,0x751275e0,01e74e83438fcc8a,01e74e83438fcc8a,e041120062682239,01e74e832000a030,8,0;1;2;3;4;5;6;7,e1;a6;5c;83;21;e7;ee;b3,0x834ee701,0x8acc8f43,0x001241e0,0x39226862,0x834ee701,0x30a00020
45,-10,14,67,1,fault,other_fault,0x0be1109d,9d10e10b,a631f297a9d31c761facfe3bf55c9973,0x97f231a6,0x761cd3a9,0x3bfeac1f,0x73995cf5,3c40f97936a09f39,3c40f97936a09f39,a15018720cc09453,3c40f9790620f213,8,0;1;2;3;4;5;6;7,9d;10;e1;0b;3a;60;0b;6a,0x79f9403c,0x399fa036,0x721850a1,0x5394c00c,0x79f9403c,0x13f22006
46,-10,14,67,1,fault,other_fault,0x7fc09f7e,7e9fc07f,2efd2c32ac8e37fa59f640eb56508ae2,0x322cfd2e,0xfa378eac,0xeb40f659,0xe28a5056,7a9fc29d78bdc895,7a9fc29d78bdc895,040002e20ad60a2a,7a9fc29d08f40022,8,0;1;2;3;4;5;6;7,7e;9f;c0;7f;72;6b;c2;bf,0x9dc29f7a,0x95c8bd78,0xe2020004,0x2a0ad60a,0x9dc29f7a,0x2200f408
47,-10,14,67,1,fault,other_fault,0x262cae0a,0aae2c26,614172b96a0eaeb17d0e73ad36acf201,0xb9724161,0xb1ae0e6a,0xad730e7d,0x01f2ac36,28a28e2723a00e2f,28a28e2723a00e2f,220ca2016a02f2a1,28a28e27610072a9,8,0;1;2;3;4;5;6;7,0a;ae;2c;26;49;a2;fc;8e,0x278ea228,0x2f0ea023,0x01a20c22,0xa1f2026a,0x278ea228,0xa9720061
48,-10,14,67,1,fault,other_fault,0x22921422,22149222,3ab6205f4599e9828c0c8a258e25969b,0x5f20b63a,0x82e99945,0x258a0c8c,0x9b96258e,261512a0243c1a3c,261512a0243c1a3c,040180820a2d0899,261512a008040005,8,0;1;2;3;4;5;6;7,22;14;92;22;2e;11;12;a5,0xa0121526,0x3c1a3c24,0x82800104,0x99082d0a,0xa0121526,0x05000408
49,-10,14,67,1,fault,other_fault,0x6914ee75,75ee1469,ab53fca07f3f064a99c5aef18fc0d046,0xa0fc53ab,0x4a063f7f,0xf1aec599,0x46d0c08f,7aee142b6eea6e89,7aee142b6eea6e89,0f0000429d45d602,7aee142b8941aca0,8,0;1;2;3;4;5;6;7,75;ee;14;69;f3;af;b8;8b,0x2b14ee7a,0x896eea6e,0x4200000f,0x02d6459d,0x2b14ee7a,0xa0ac4189
50,-10,14,67,1,fault,other_fault,0x1863861c,1c866318,c561871d154459765badac589bfd8d57,0x1d8761c5,0x76594415,0x58acad5b,0x578dfd9b,0dc26a4ecdc26a45,0dc26a4ecdc26a45,1144095681218413,0dc26a4e41218418,8,0;1;2;3;4;5;6;7,1c;86;63;18;4c;e3;ee;56,0x4e6ac20d,0x456ac2cd,0x56094411,0x13842181,0x4e6ac20d,0x18842141
51,-10,14,67,1,fault,other_fault,0xbe9f8f15,158f9fbe,afd02091e2888d9f0c9d9a77735bbacf,0x9120d0af,0x9f8d88e2,0x779a9d0c,0xcfba5b73,778717313ac73739,778717313ac73739,6208888f41d02019,778717310c900011,8,0;1;2;3;4;5;6;7,15;8f;9f;be;7b;17;17;20,0x31178777,0x3937c73a,0x8f880862,0x1920d041,0x31178777,0x1100900c
52,-10,14,67,1,fault,other_fault,0x11627c35,357c6211,eb5b035f8654043747a44130b0fe8356,0x5f035beb,0x37045486,0x3041a447,0x5683feb0,b5286207d0226067,b5286207d0226067,80540016260a0370,b528620743000110,8,0;1;2;3;4;5;6;7,35;7c;62;11;f6;28;63;17,0x076228b5,0x676022d0,0x16005480,0x70030a26,0x076228b5,0x10010043
53,-10,14,67,1,fault,other_fault,0x21ead785,85d7ea21,18d31cb30e23c53fa9d0aa0f4b26f60f,0xb31cd318,0x3fc5230e,0x0faad0a9,0x0ff6264b,8ff52e2e8d05762e,8ff52e2e8d05762e,0a22c40f0a205003,8ff52e2e08d00803,8,0;1;2;3;4;5;6;7,85;d7;ea;21;87;25;26;2d,0x2e2ef58f,0x2e76058d,0x0fc4220a,0x0350200a,0x2e2ef58f,0x0308d008
54,-10,14,67,1,fault,other_fault,0x2108dc01,01dc0821,86d76e3718b01f0ba4a729c07e18ccfa,0x376ed786,0x0b1fb018,0xc029a7a4,0xfacc187e,19cc042b83eb6513,19cc042b83eb6513,18100c0a1ea04938,19cc042b84872800,8,0;1;2;3;4;5;6;7,01;dc;08;21;9d;4b;2c;2b,0x2b04cc19,0x1365eb83,0x0a0c1018,0x3849a01e,0x2b04cc19,0x00288784
55,-10,14,67,1,fault,other_fault,0x2714b29c,9cb21427,a1d786ca9e049e3d2f2ea9d503e100d4,0xca86d7a1,0x3d9e049e,0xd5a92e2f,0xd400e103,9eb21433b2711c32,9eb21433b2711c32,020000140dc588c1,9eb21433210680c0,8,0;1;2;3;4;5;6;7,9c;b2;14;27;bf;b4;94;f3,0x3314b29e,0x321c71b2,0x14000002,0xc188c50d,0x3314b29e,0xc0800621
56,-10,14,67,1,fault,other_fault,0xac9b1e62,621e9bac,aeeffa5c1c54f1317b3d4d465c768dfb,0x5cfaefae,0x31f1541c,0x464d3d7b,0xfb8d765c,7e4a1a9d5c411ab0,7e4a1a9d5c411ab0,1c54813108264869,7e4a1a9d2a2d4844,8,0;1;2;3;4;5;6;7,62;1e;9b;ac;54;67;52;d9,0x9d1a4a7e,0xb01a415c,0x3181541c,0x69482608,0x9d1a4a7e,0x44482d2a
57,-10,14,67,1,fault,other_fault,0xf711f620,20f611f7,58316b683496804e14ac17699063eb83,0x686b3158,0x4e809634,0x6917ac14,0x83eb6390,30f491f5347379d7,30f491f5347379d7,1002800214a7eb4a,30f491f510200368,8,0;1;2;3;4;5;6;7,20;f6;11;f7;20;d4;92;9d,0xf591f430,0xd7797334,0x02800210,0x4aeba714,0xf591f430,0x68032010
58,-10,14,67,1,fault,other_fault,0xdb16a160,60a116db,4032d706cdcd79ea857accf494abf47e,0x06d73240,0xea79cdcd,0xf4cc7a85,0x7ef4ab94,e42866b1e5f94e39,e42866b1e5f94e39,8489706a01e3ec8c,e42866b10032c404,8,0;1;2;3;4;5;6;7,60;a1;16;db;e4;1a;a2;b5,0xb16628e4,0x394ef9e5,0x6a708984,0x8cece301,0xb16628e4,0x04c43200
59,-10,14,67,1,fault,other_fault,0x99f03e02,023ef099,63cd403e5b2442765fc733b11ed3cbf2,0x3e40cd63,0x7642245b,0xb133c75f,0xf2cbd31e,183eb2eb183eb2ab,183eb2eb183eb2ab,1a00427243c50070,183eb2eb43c50030,8,0;1;2;3;4;5;6;7,02;3e;f0;99;5b;fb;b2;db,0xebb23e18,0xabb23e18,0x7242001a,0x7000c543,0xebb23e18,0x3000c543
60,-10,14,67,1,fault,other_fault,0x00750a61,610a7500,1f624968cdf90cb7ed9bceaa53c1091d,0x6849621f,0xb70cf9cd,0xaace9bed,0x1d09c153,20cb7d15b2d13882,20cb7d15b2d13882,41c108159f180dbf,20cb7d150d024828,7,0;1;2;4;5;6;7,61;0a;75;2d;c9;35;3d,0x157dcb20,0x8238d1b2,0x1508c141,0xbf0d189f,0x157dcb20,0x2848020d
61,-10,14,67,1,fault,other_fault,0x839ba48b,8ba49b83,286a1c28a7559f2472cc26ad94fc1753,0x281c6a28,0x249f55a7,0xad26cc72,0x5317fc94,0ff08c8389c08d8f,0ff08c8389c08d8f,84541700a6780524,0ff08c8320480428,8,0;1;2;3;4;5;6;7,8b;a4;9b;83;2f;b8;88;ab,0x838cf00f,0x8f8dc089,0x00175484,0x240578a6,0x838cf00f,0x28044820
62,-10,14,67,1,fault,other_fault,0x241812bb,bb121824,a5538adea466a963916bf1c98a9dff10,0xde8a53a5,0x63a966a4,0xc9f16b91,0x10ff9d8a,3b16b1243a22b3bd,3b16b1243a22b3bd,8004a90080778251,3b16b124814380c8,8,0;1;2;3;4;5;6;7,bb;12;18;24;ba;55;31;ec,0x24b1163b,0xbdb3223a,0x00a90480,0x51827780,0x24b1163b,0xc8804381
63,-10,14,67,1,fault,other_fault,0x8256e13e,3ee15682,010e375e1472fcf2a0ff3ea3c1b280cf,0x5e370e01,0xf2fc7214,0xa33effa0,0xcf80b2c1,3ed3d6403f9f5c6c,3ed3d6403f9f5c6c,003280c20142bc2e,3ed3d640000e3602,8,0;1;2;3;4;5;6;7,3e;e1;56;82;3e;dd;e0;42,0x40d6d33e,0x6c5c9f3f,0xc2803200,0x2ebc4201,0x40d6d33e,0x02360e00
64,-10,14,67,1,fault,other_fault,0x31e23d89,893de231,ae076e296a33d772ccdbeaea1c888da4,0x296e07ae,0x72d7336a,0xeaeadbcc,0xa48d881c,813d6711412d465b,813d6711412d465b,080085204c134b62,813d67118c036a28,8,0;1;2;3;4;5;6;7,89;3d;e2;31;0d;3e;0d;39,0x11673d81,0x5b462d41,0x20850008,0x624b134c,0x11673d81,0x286a038c
65,-10,14,67,1,fault,other_fault,0x8a889f97,979f888a,8aa7c5e5777f7f7e9556e0a8d200c176,0xe5c5a78a,0x7e7f7f77,0xa8e05695,0x76c100d2,c59fc9fc80cfe966,c59fc9fc80cfe966,52004176c556e03a,c59fc9fc8006c0a0,8,0;1;2;3;4;5;6;7,97;9f;88;8a;45;99;09;5c,0xfcc99fc5,0x66e9cf80,0x76410052,0x3ae056c5,0xfcc99fc5,0xa0c00680
66,-10,14,67,1,fault,other_fault,0xb379d200,00d279b3,18804d3de833034a26bcfdbb30791b56,0x3d4d8018,0x4a0333e8,0xbbfdbc26,0x561b7930,20e37af130623c94,20e37af130623c94,2031034210010b5c,20e37af100804d39,7,1;2;3;4;5;6;7,d2;79;b3;20;63;37;c8,0xf17ae320,0x943c6230,0x42033120,0x5c0b0110,0xf17ae320,0x394d8000
67,-10,14,67,1,fault,other_fault,0x855780e1,e1805785,881e39d33a281897afd7ad4352f7143b,0xd3391e88,0x9718283a,0x43add7af,0x3b14f752,f3a04796438066d6,f3a04796438066d6,1220101338360803,f3a0479688162943,8,0;1;2;3;4;5;6;7,e1;80;57;85;7b;b6;6e;d5,0x9647a0f3,0xd6668043,0x13102012,0x03083638,0x9647a0f3,0x43291688
68,-10,14,67,1,fault,other_fault,0x6be1e204,04e2e16b,4ed19f432b04a8f6ba6b8070052cede1,0x439fd14e,0xf6a8042b,0x70806bba,0xe1ed2c05,05e6498b20a36c1a,05e6498b20a36c1a,0104a8e02f04a5d1,05e6498b0a418040,8,0;1;2;3;4;5;6;7,04;e2;e1;6b;0f;a7;c9;cb,0x8b49e605,0x1a6ca320,0xe0a80401,0xd1a5042f,0x8b49e605,0x4080410a
69,-10,14,67,1,fault,other_fault,0x6f8c700f,0f708c6f,7924f971b106d73ee33569aedd2ff721,0x71f92479,0x3ed706b1,0xae6935e3,0x21f72fdd,9e765b4f96745540,9e765b4f96745540,9106d7206926672f,9e765b4f61246920,8,0;1;2;3;4;5;6;7,0f;70;8c;6f;ff;52;32;6f,0x4f5b769e,0x40557496,0x20d70691,0x2f672669,0x4f5b769e,0x20692461
70,-10,14,67,1,fault,other_fault,0x9c4c40ef,ef404c9c,276977c246fe00999a2a25f4d3da760a,0xc2776927,0x9900fe46,0xf4252a9a,0x0a76dad3,ad9a4c94ec0a1fce,ad9a4c94ec0a1fce,42da000843b8769a,ad9a4c94022825c0,8,0;1;2;3;4;5;6;7,ef;40;4c;9c;af;b2;69;54,0x944c9aad,0xce1f0aec,0x0800da42,0x9a76b843,0x944c9aad,0xc0252802
71,-10,14,67,1,fault,other_fault,0xb4bb7468,6874bbb4,b222f0fd78d68dc4e9635e986aa0e659,0xfdf022b2,0xc48dd678,0x985e63e9,0x59e6a06a,00f43ff4823407f5,00f43ff4823407f5,6880844022e26899,00f43ff4a0225098,8,0;1;2;3;4;5;6;7,68;74;bb;b4;a0;d6;6f;6c,0xf43ff400,0xf5073482,0x40848068,0x9968e222,0xf43ff400,0x985022a0
72,-10,14,67,1,fault,other_fault,0xbc621e9d,9d1e62bc,2a9ea1416ca28270615f678ec81dc85c,0x41a19e2a,0x7082a26c,0x8e675f61,0x5cc81dc8,d51ee2ecd51ec1fc,d51ee2ecd51ec1fc,48008050201e0210,d51ee2ec201e2100,7,0;1;2;3;4;6;7,9d;1e;62;bc;f5;c3;ec,0xece21ed5,0xfcc11ed5,0x50800048,0x10021e20,0xece21ed5,0x00211e20
