trial,width,offset,ext_offset,repeat,status,clean_output,output,fault_byte_count,fault_byte_positions_0_indexed
1,2,-3,63,1,normal,010716050d031201,010716050d031201,0,
2,2,-3,63,1,normal,010716050d031201,010716050d031201,0,
3,2,-3,63,1,normal,010716050d031201,010716050d031201,0,
4,2,-3,63,1,normal,010716050d031201,010716050d031201,0,
5,2,-3,63,1,normal,010716050d031201,010716050d031201,0,
6,2,-3,63,1,normal,010716050d031201,010716050d031201,0,
7,2,-3,63,1,fault,010716050d031201,010716050d001000,3,5;6;7
8,2,-3,63,1,normal,010716050d031201,010716050d031201,0,
9,2,-3,63,1,normal,010716050d031201,010716050d031201,0,
10,2,-3,63,1,normal,010716050d031201,010716050d031201,0,
11,2,-3,63,1,fault,010716050d031201,010716050d001000,3,5;6;7
12,2,-3,63,1,normal,010716050d031201,010716050d031201,0,
13,2,-3,63,1,normal,010716050d031201,010716050d031201,0,
14,2,-3,63,1,normal,010716050d031201,010716050d031201,0,
15,2,-3,63,1,normal,010716050d031201,010716050d031201,0,
16,2,-3,63,1,fault,010716050d031201,0107160509081808,4,4;5;6;7
17,2,-3,63,1,normal,010716050d031201,010716050d031201,0,
18,2,-3,63,1,normal,010716050d031201,010716050d031201,0,
19,2,-3,63,1,normal,010716050d031201,010716050d031201,0,
20,2,-3,63,1,normal,010716050d031201,010716050d031201,0,
21,2,-3,63,1,normal,010716050d031201,010716050d031201,0,
22,2,-3,63,1,no_response,010716050d031201,,0,
23,2,-3,63,1,fault,010716050d031201,010716050d001000,3,5;6;7
24,2,-3,63,1,normal,010716050d031201,010716050d031201,0,
25,2,-3,63,1,fault,010716050d031201,010716050d001000,3,5;6;7
26,2,-3,63,1,normal,010716050d031201,010716050d031201,0,
27,2,-3,63,1,normal,010716050d031201,010716050d031201,0,
28,2,-3,63,1,no_response,010716050d031201,,0,
29,2,-3,63,1,normal,010716050d031201,010716050d031201,0,
30,2,-3,63,1,normal,010716050d031201,010716050d031201,0,
31,2,-3,63,1,normal,010716050d031201,010716050d031201,0,
32,2,-3,63,1,normal,010716050d031201,010716050d031201,0,
33,2,-3,63,1,normal,010716050d031201,010716050d031201,0,
34,2,-3,63,1,normal,010716050d031201,010716050d031201,0,
35,2,-3,63,1,normal,010716050d031201,010716050d031201,0,
36,2,-3,63,1,fault,010716050d031201,010716050d001000,3,5;6;7
37,2,-3,63,1,normal,010716050d031201,010716050d031201,0,
38,2,-3,63,1,normal,010716050d031201,010716050d031201,0,
39,2,-3,63,1,normal,010716050d031201,010716050d031201,0,
40,2,-3,63,1,normal,010716050d031201,010716050d031201,0,
41,2,-3,63,1,normal,010716050d031201,010716050d031201,0,
42,2,-3,63,1,normal,010716050d031201,010716050d031201,0,
43,2,-3,63,1,no_response,010716050d031201,,0,
44,2,-3,63,1,normal,010716050d031201,010716050d031201,0,
45,2,-3,63,1,normal,010716050d031201,010716050d031201,0,
46,2,-3,63,1,normal,010716050d031201,010716050d031201,0,
47,2,-3,63,1,fault,010716050d031201,0107160509081808,4,4;5;6;7
48,2,-3,63,1,normal,010716050d031201,010716050d031201,0,
49,2,-3,63,1,normal,010716050d031201,010716050d031201,0,
50,2,-3,63,1,no_response,010716050d031201,,0,
51,2,-3,63,1,normal,010716050d031201,010716050d031201,0,
52,2,-3,63,1,no_response,010716050d031201,,0,
53,2,-3,63,1,normal,010716050d031201,010716050d031201,0,
54,2,-3,63,1,normal,010716050d031201,010716050d031201,0,
55,2,-3,63,1,no_response,010716050d031201,,0,
56,2,-3,63,1,normal,010716050d031201,010716050d031201,0,
57,2,-3,63,1,normal,010716050d031201,010716050d031201,0,
58,2,-3,63,1,no_response,010716050d031201,,0,
59,2,-3,63,1,normal,010716050d031201,010716050d031201,0,
60,2,-3,63,1,normal,010716050d031201,010716050d031201,0,
61,2,-3,63,1,normal,010716050d031201,010716050d031201,0,
62,2,-3,63,1,normal,010716050d031201,010716050d031201,0,
63,2,-3,63,1,normal,010716050d031201,010716050d031201,0,
64,2,-3,63,1,normal,010716050d031201,010716050d031201,0,
65,2,-3,63,1,normal,010716050d031201,010716050d031201,0,
66,2,-3,63,1,normal,010716050d031201,010716050d031201,0,
67,2,-3,63,1,normal,010716050d031201,010716050d031201,0,
68,2,-3,63,1,normal,010716050d031201,010716050d031201,0,
69,2,-3,63,1,normal,010716050d031201,010716050d031201,0,
70,2,-3,63,1,normal,010716050d031201,010716050d031201,0,
71,2,-3,63,1,normal,010716050d031201,010716050d031201,0,
72,2,-3,63,1,normal,010716050d031201,010716050d031201,0,
73,2,-3,63,1,normal,010716050d031201,010716050d031201,0,
74,2,-3,63,1,no_response,010716050d031201,,0,
75,2,-3,63,1,normal,010716050d031201,010716050d031201,0,
76,2,-3,63,1,normal,010716050d031201,010716050d031201,0,
77,2,-3,63,1,normal,010716050d031201,010716050d031201,0,
78,2,-3,63,1,normal,010716050d031201,010716050d031201,0,
79,2,-3,63,1,normal,010716050d031201,010716050d031201,0,
80,2,-3,63,1,fault,010716050d031201,010716050d001000,3,5;6;7
81,2,-3,63,1,normal,010716050d031201,010716050d031201,0,
82,2,-3,63,1,normal,010716050d031201,010716050d031201,0,
83,2,-3,63,1,normal,010716050d031201,010716050d031201,0,
84,2,-3,63,1,normal,010716050d031201,010716050d031201,0,
85,2,-3,63,1,normal,010716050d031201,010716050d031201,0,
86,2,-3,63,1,fault,010716050d031201,010716050d001000,3,5;6;7
87,2,-3,63,1,normal,010716050d031201,010716050d031201,0,
88,2,-3,63,1,normal,010716050d031201,010716050d031201,0,
89,2,-3,63,1,normal,010716050d031201,010716050d031201,0,
90,2,-3,63,1,normal,010716050d031201,010716050d031201,0,
91,2,-3,63,1,normal,010716050d031201,010716050d031201,0,
92,2,-3,63,1,normal,010716050d031201,010716050d031201,0,
93,2,-3,63,1,normal,010716050d031201,010716050d031201,0,
94,2,-3,63,1,no_response,010716050d031201,,0,
95,2,-3,63,1,fault,010716050d031201,010716050d001000,3,5;6;7
96,2,-3,63,1,normal,010716050d031201,010716050d031201,0,
97,2,-3,63,1,normal,010716050d031201,010716050d031201,0,
98,2,-3,63,1,normal,010716050d031201,010716050d031201,0,
99,2,-3,63,1,normal,010716050d031201,010716050d031201,0,
100,2,-3,63,1,normal,010716050d031201,010716050d031201,0,
101,2,-3,63,1,normal,010716050d031201,010716050d031201,0,
102,2,-3,63,1,fault,010716050d031201,010716050d001000,3,5;6;7
103,2,-3,63,1,normal,010716050d031201,010716050d031201,0,
104,2,-3,63,1,no_response,010716050d031201,,0,
105,2,-3,63,1,normal,010716050d031201,010716050d031201,0,
106,2,-3,63,1,normal,010716050d031201,010716050d031201,0,
107,2,-3,63,1,normal,010716050d031201,010716050d031201,0,
108,2,-3,63,1,normal,010716050d031201,010716050d031201,0,
109,2,-3,63,1,fault,010716050d031201,010716050d001000,3,5;6;7
110,2,-3,63,1,normal,010716050d031201,010716050d031201,0,
111,2,-3,63,1,fault,010716050d031201,010716050d001000,3,5;6;7
112,2,-3,63,1,normal,010716050d031201,010716050d031201,0,
113,2,-3,63,1,normal,010716050d031201,010716050d031201,0,
114,2,-3,63,1,normal,010716050d031201,010716050d031201,0,
115,2,-3,63,1,normal,010716050d031201,010716050d031201,0,
116,2,-3,63,1,normal,010716050d031201,010716050d031201,0,
117,2,-3,63,1,normal,010716050d031201,010716050d031201,0,
118,2,-3,63,1,normal,010716050d031201,010716050d031201,0,
119,2,-3,63,1,fault,010716050d031201,010716050d001000,3,5;6;7
120,2,-3,63,1,normal,010716050d031201,010716050d031201,0,
121,2,-3,63,1,normal,010716050d031201,010716050d031201,0,
122,2,-3,63,1,fault,010716050d031201,010716050d001000,3,5;6;7
123,2,-3,63,1,normal,010716050d031201,010716050d031201,0,
124,2,-3,63,1,normal,010716050d031201,010716050d031201,0,
125,2,-3,63,1,fault,010716050d031201,010716050d001000,3,5;6;7
126,2,-3,63,1,normal,010716050d031201,010716050d031201,0,
127,2,-3,63,1,normal,010716050d031201,010716050d031201,0,
128,2,-3,63,1,normal,010716050d031201,010716050d031201,0,
129,2,-3,63,1,normal,010716050d031201,010716050d031201,0,
130,2,-3,63,1,no_response,010716050d031201,,0,
131,2,-3,63,1,normal,010716050d031201,010716050d031201,0,
132,2,-3,63,1,normal,010716050d031201,010716050d031201,0,
133,2,-3,63,1,normal,010716050d031201,010716050d031201,0,
134,2,-3,63,1,normal,010716050d031201,010716050d031201,0,
135,2,-3,63,1,normal,010716050d031201,010716050d031201,0,
136,2,-3,63,1,fault,010716050d031201,0107160509081808,4,4;5;6;7
137,2,-3,63,1,normal,010716050d031201,010716050d031201,0,
138,2,-3,63,1,normal,010716050d031201,010716050d031201,0,
139,2,-3,63,1,normal,010716050d031201,010716050d031201,0,
140,2,-3,63,1,normal,010716050d031201,010716050d031201,0,
141,2,-3,63,1,normal,010716050d031201,010716050d031201,0,
142,2,-3,63,1,normal,010716050d031201,010716050d031201,0,
143,2,-3,63,1,normal,010716050d031201,010716050d031201,0,
144,2,-3,63,1,normal,010716050d031201,010716050d031201,0,
145,2,-3,63,1,normal,010716050d031201,010716050d031201,0,
146,2,-3,63,1,normal,010716050d031201,010716050d031201,0,
147,2,-3,63,1,normal,010716050d031201,010716050d031201,0,
148,2,-3,63,1,normal,010716050d031201,010716050d031201,0,
149,2,-3,63,1,normal,010716050d031201,010716050d031201,0,
150,2,-3,63,1,normal,010716050d031201,010716050d031201,0,
151,2,-3,63,1,no_response,010716050d031201,,0,
152,2,-3,63,1,normal,010716050d031201,010716050d031201,0,
153,2,-3,63,1,normal,010716050d031201,010716050d031201,0,
154,2,-3,63,1,no_response,010716050d031201,,0,
155,2,-3,63,1,normal,010716050d031201,010716050d031201,0,
156,2,-3,63,1,normal,010716050d031201,010716050d031201,0,
157,2,-3,63,1,normal,010716050d031201,010716050d031201,0,
158,2,-3,63,1,normal,010716050d031201,010716050d031201,0,
159,2,-3,63,1,normal,010716050d031201,010716050d031201,0,
160,2,-3,63,1,normal,010716050d031201,010716050d031201,0,
161,2,-3,63,1,normal,010716050d031201,010716050d031201,0,
162,2,-3,63,1,no_response,010716050d031201,,0,
163,2,-3,63,1,normal,010716050d031201,010716050d031201,0,
164,2,-3,63,1,normal,010716050d031201,010716050d031201,0,
165,2,-3,63,1,normal,010716050d031201,010716050d031201,0,
166,2,-3,63,1,normal,010716050d031201,010716050d031201,0,
167,2,-3,63,1,normal,010716050d031201,010716050d031201,0,
168,2,-3,63,1,normal,010716050d031201,010716050d031201,0,
169,2,-3,63,1,normal,010716050d031201,010716050d031201,0,
170,2,-3,63,1,normal,010716050d031201,010716050d031201,0,
171,2,-3,63,1,normal,010716050d031201,010716050d031201,0,
172,2,-3,63,1,no_response,010716050d031201,,0,
173,2,-3,63,1,normal,010716050d031201,010716050d031201,0,
174,2,-3,63,1,normal,010716050d031201,010716050d031201,0,
175,2,-3,63,1,fault,010716050d031201,010716050d001000,3,5;6;7
176,2,-3,63,1,normal,010716050d031201,010716050d031201,0,
177,2,-3,63,1,normal,010716050d031201,010716050d031201,0,
178,2,-3,63,1,normal,010716050d031201,010716050d031201,0,
179,2,-3,63,1,normal,010716050d031201,010716050d031201,0,
180,2,-3,63,1,normal,010716050d031201,010716050d031201,0,
181,2,-3,63,1,normal,010716050d031201,010716050d031201,0,
182,2,-3,63,1,no_response,010716050d031201,,0,
183,2,-3,63,1,normal,010716050d031201,010716050d031201,0,
184,2,-3,63,1,normal,010716050d031201,010716050d031201,0,
185,2,-3,63,1,normal,010716050d031201,010716050d031201,0,
186,2,-3,63,1,fault,010716050d031201,010716050d001000,3,5;6;7
187,2,-3,63,1,normal,010716050d031201,010716050d031201,0,
188,2,-3,63,1,normal,010716050d031201,010716050d031201,0,
189,2,-3,63,1,normal,010716050d031201,010716050d031201,0,
190,2,-3,63,1,fault,010716050d031201,010716050d001000,3,5;6;7
191,2,-3,63,1,normal,010716050d031201,010716050d031201,0,
192,2,-3,63,1,normal,010716050d031201,010716050d031201,0,
193,2,-3,63,1,normal,010716050d031201,010716050d031201,0,
194,2,-3,63,1,normal,010716050d031201,010716050d031201,0,
195,2,-3,63,1,normal,010716050d031201,010716050d031201,0,
196,2,-3,63,1,normal,010716050d031201,010716050d031201,0,
197,2,-3,63,1,normal,010716050d031201,010716050d031201,0,
198,2,-3,63,1,normal,010716050d031201,010716050d031201,0,
199,2,-3,63,1,fault,010716050d031201,0107160509081808,4,4;5;6;7
200,2,-3,63,1,fault,010716050d031201,010716050d001000,3,5;6;7
201,2,-3,63,1,normal,010716050d031201,010716050d031201,0,
202,2,-3,63,1,normal,010716050d031201,010716050d031201,0,
203,2,-3,63,1,normal,010716050d031201,010716050d031201,0,
204,2,-3,63,1,fault,010716050d031201,010716050d001000,3,5;6;7
205,2,-3,63,1,normal,010716050d031201,010716050d031201,0,
206,2,-3,63,1,fault,010716050d031201,010716050d001000,3,5;6;7
207,2,-3,63,1,fault,010716050d031201,010716050d001000,3,5;6;7
208,2,-3,63,1,no_response,010716050d031201,,0,
209,2,-3,63,1,normal,010716050d031201,010716050d031201,0,
210,2,-3,63,1,normal,010716050d031201,010716050d031201,0,
211,2,-3,63,1,normal,010716050d031201,010716050d031201,0,
212,2,-3,63,1,normal,010716050d031201,010716050d031201,0,
213,2,-3,63,1,fault,010716050d031201,010716050d001000,3,5;6;7
214,2,-3,63,1,normal,010716050d031201,010716050d031201,0,
215,2,-3,63,1,normal,010716050d031201,010716050d031201,0,
216,2,-3,63,1,fault,010716050d031201,0107160509081808,4,4;5;6;7
217,2,-3,63,1,normal,010716050d031201,010716050d031201,0,
218,2,-3,63,1,fault,010716050d031201,010716050d001000,3,5;6;7
219,2,-3,63,1,normal,010716050d031201,010716050d031201,0,
220,2,-3,63,1,normal,010716050d031201,010716050d031201,0,
221,2,-3,63,1,normal,010716050d031201,010716050d031201,0,
222,2,-3,63,1,normal,010716050d031201,010716050d031201,0,
223,2,-3,63,1,normal,010716050d031201,010716050d031201,0,
224,2,-3,63,1,normal,010716050d031201,010716050d031201,0,
225,2,-3,63,1,normal,010716050d031201,010716050d031201,0,
226,2,-3,63,1,normal,010716050d031201,010716050d031201,0,
227,2,-3,63,1,fault,010716050d031201,010716050d001000,3,5;6;7
228,2,-3,63,1,normal,010716050d031201,010716050d031201,0,
229,2,-3,63,1,fault,010716050d031201,010716050d001000,3,5;6;7
230,2,-3,63,1,fault,010716050d031201,010716050d001000,3,5;6;7
231,2,-3,63,1,normal,010716050d031201,010716050d031201,0,
232,2,-3,63,1,fault,010716050d031201,01071605090b1a09,4,4;5;6;7
233,2,-3,63,1,normal,010716050d031201,010716050d031201,0,
234,2,-3,63,1,fault,010716050d031201,010716050d001000,3,5;6;7
235,2,-3,63,1,normal,010716050d031201,010716050d031201,0,
236,2,-3,63,1,normal,010716050d031201,010716050d031201,0,
237,2,-3,63,1,normal,010716050d031201,010716050d031201,0,
238,2,-3,63,1,normal,010716050d031201,010716050d031201,0,
239,2,-3,63,1,normal,010716050d031201,010716050d031201,0,
240,2,-3,63,1,normal,010716050d031201,010716050d031201,0,
241,2,-3,63,1,normal,010716050d031201,010716050d031201,0,
242,2,-3,63,1,normal,010716050d031201,010716050d031201,0,
243,2,-3,63,1,normal,010716050d031201,010716050d031201,0,
244,2,-3,63,1,normal,010716050d031201,010716050d031201,0,
245,2,-3,63,1,no_response,010716050d031201,,0,
246,2,-3,63,1,normal,010716050d031201,010716050d031201,0,
247,2,-3,63,1,normal,010716050d031201,010716050d031201,0,
248,2,-3,63,1,normal,010716050d031201,010716050d031201,0,
249,2,-3,63,1,normal,010716050d031201,010716050d031201,0,
250,2,-3,63,1,normal,010716050d031201,010716050d031201,0,
251,2,-3,63,1,normal,010716050d031201,010716050d031201,0,
252,2,-3,63,1,normal,010716050d031201,010716050d031201,0,
253,2,-3,63,1,no_response,010716050d031201,,0,
254,2,-3,63,1,normal,010716050d031201,010716050d031201,0,
255,2,-3,63,1,normal,010716050d031201,010716050d031201,0,
256,2,-3,63,1,fault,010716050d031201,010716050d001000,3,5;6;7
257,2,-3,63,1,fault,010716050d031201,010716050d001000,3,5;6;7
258,2,-3,63,1,normal,010716050d031201,010716050d031201,0,
259,2,-3,63,1,normal,010716050d031201,010716050d031201,0,
260,2,-3,63,1,normal,010716050d031201,010716050d031201,0,
261,2,-3,63,1,normal,010716050d031201,010716050d031201,0,
262,2,-3,63,1,normal,010716050d031201,010716050d031201,0,
263,2,-3,63,1,normal,010716050d031201,010716050d031201,0,
264,2,-3,63,1,normal,010716050d031201,010716050d031201,0,
265,2,-3,63,1,normal,010716050d031201,010716050d031201,0,
266,2,-3,63,1,normal,010716050d031201,010716050d031201,0,
267,2,-3,63,1,normal,010716050d031201,010716050d031201,0,
268,2,-3,63,1,normal,010716050d031201,010716050d031201,0,
269,2,-3,63,1,normal,010716050d031201,010716050d031201,0,
270,2,-3,63,1,no_response,010716050d031201,,0,
271,2,-3,63,1,normal,010716050d031201,010716050d031201,0,
272,2,-3,63,1,no_response,010716050d031201,,0,
273,2,-3,63,1,normal,010716050d031201,010716050d031201,0,
274,2,-3,63,1,normal,010716050d031201,010716050d031201,0,
275,2,-3,63,1,normal,010716050d031201,010716050d031201,0,
276,2,-3,63,1,normal,010716050d031201,010716050d031201,0,
277,2,-3,63,1,normal,010716050d031201,010716050d031201,0,
278,2,-3,63,1,normal,010716050d031201,010716050d031201,0,
279,2,-3,63,1,normal,010716050d031201,010716050d031201,0,
280,2,-3,63,1,no_response,010716050d031201,,0,
281,2,-3,63,1,normal,010716050d031201,010716050d031201,0,
282,2,-3,63,1,normal,010716050d031201,010716050d031201,0,
283,2,-3,63,1,normal,010716050d031201,010716050d031201,0,
284,2,-3,63,1,fault,010716050d031201,0107160509081808,4,4;5;6;7
285,2,-3,63,1,no_response,010716050d031201,,0,
286,2,-3,63,1,normal,010716050d031201,010716050d031201,0,
287,2,-3,63,1,no_response,010716050d031201,,0,
288,2,-3,63,1,normal,010716050d031201,010716050d031201,0,
289,2,-3,63,1,fault,010716050d031201,010716050d001000,3,5;6;7
290,2,-3,63,1,normal,010716050d031201,010716050d031201,0,
291,2,-3,63,1,no_response,010716050d031201,,0,
292,2,-3,63,1,normal,010716050d031201,010716050d031201,0,
293,2,-3,63,1,normal,010716050d031201,010716050d031201,0,
294,2,-3,63,1,normal,010716050d031201,010716050d031201,0,
295,2,-3,63,1,fault,010716050d031201,010716050d001000,3,5;6;7
296,2,-3,63,1,normal,010716050d031201,010716050d031201,0,
297,2,-3,63,1,normal,010716050d031201,010716050d031201,0,
298,2,-3,63,1,normal,010716050d031201,010716050d031201,0,
299,2,-3,63,1,normal,010716050d031201,010716050d031201,0,
300,2,-3,63,1,normal,010716050d031201,010716050d031201,0,
301,2,-3,63,1,normal,010716050d031201,010716050d031201,0,
302,2,-3,63,1,fault,010716050d031201,010716050d001000,3,5;6;7
303,2,-3,63,1,normal,010716050d031201,010716050d031201,0,
304,2,-3,63,1,normal,010716050d031201,010716050d031201,0,
305,2,-3,63,1,normal,010716050d031201,010716050d031201,0,
306,2,-3,63,1,normal,010716050d031201,010716050d031201,0,
307,2,-3,63,1,normal,010716050d031201,010716050d031201,0,
308,2,-3,63,1,normal,010716050d031201,010716050d031201,0,
309,2,-3,63,1,normal,010716050d031201,010716050d031201,0,
310,2,-3,63,1,normal,010716050d031201,010716050d031201,0,
311,2,-3,63,1,normal,010716050d031201,010716050d031201,0,
312,2,-3,63,1,fault,010716050d031201,010716050d001000,3,5;6;7
313,2,-3,63,1,normal,010716050d031201,010716050d031201,0,
314,2,-3,63,1,normal,010716050d031201,010716050d031201,0,
315,2,-3,63,1,fault,010716050d031201,010716050d001000,3,5;6;7
316,2,-3,63,1,fault,010716050d031201,010716050d001000,3,5;6;7
317,2,-3,63,1,normal,010716050d031201,010716050d031201,0,
318,2,-3,63,1,normal,010716050d031201,010716050d031201,0,
319,2,-3,63,1,normal,010716050d031201,010716050d031201,0,
320,2,-3,63,1,normal,010716050d031201,010716050d031201,0,
321,2,-3,63,1,normal,010716050d031201,010716050d031201,0,
322,2,-3,63,1,fault,010716050d031201,010716050d001000,3,5;6;7
323,2,-3,63,1,fault,010716050d031201,010716050d001000,3,5;6;7
324,2,-3,63,1,normal,010716050d031201,010716050d031201,0,
325,2,-3,63,1,normal,010716050d031201,010716050d031201,0,
326,2,-3,63,1,no_response,010716050d031201,,0,
327,2,-3,63,1,fault,010716050d031201,010716050d001000,3,5;6;7
328,2,-3,63,1,fault,010716050d031201,010716050d001000,3,5;6;7
329,2,-3,63,1,no_response,010716050d031201,,0,
330,2,-3,63,1,normal,010716050d031201,010716050d031201,0,
331,2,-3,63,1,normal,010716050d031201,010716050d031201,0,
332,2,-3,63,1,normal,010716050d031201,010716050d031201,0,
333,2,-3,63,1,normal,010716050d031201,010716050d031201,0,
334,2,-3,63,1,normal,010716050d031201,010716050d031201,0,
335,2,-3,63,1,normal,010716050d031201,010716050d031201,0,
336,2,-3,63,1,fault,010716050d031201,010716050d001000,3,5;6;7
337,2,-3,63,1,no_response,010716050d031201,,0,
338,2,-3,63,1,normal,010716050d031201,010716050d031201,0,
339,2,-3,63,1,normal,010716050d031201,010716050d031201,0,
340,2,-3,63,1,normal,010716050d031201,010716050d031201,0,
341,2,-3,63,1,normal,010716050d031201,010716050d031201,0,
342,2,-3,63,1,normal,010716050d031201,010716050d031201,0,
343,2,-3,63,1,normal,010716050d031201,010716050d031201,0,
344,2,-3,63,1,normal,010716050d031201,010716050d031201,0,
345,2,-3,63,1,normal,010716050d031201,010716050d031201,0,
346,2,-3,63,1,normal,010716050d031201,010716050d031201,0,
347,2,-3,63,1,normal,010716050d031201,010716050d031201,0,
348,2,-3,63,1,normal,010716050d031201,010716050d031201,0,
349,2,-3,63,1,fault,010716050d031201,0107160509081808,4,4;5;6;7
350,2,-3,63,1,normal,010716050d031201,010716050d031201,0,
351,2,-3,63,1,normal,010716050d031201,010716050d031201,0,
352,2,-3,63,1,normal,010716050d031201,010716050d031201,0,
353,2,-3,63,1,fault,010716050d031201,010716050d001000,3,5;6;7
354,2,-3,63,1,normal,010716050d031201,010716050d031201,0,
355,2,-3,63,1,fault,010716050d031201,010716050d001000,3,5;6;7
356,2,-3,63,1,normal,010716050d031201,010716050d031201,0,
357,2,-3,63,1,normal,010716050d031201,010716050d031201,0,
358,2,-3,63,1,normal,010716050d031201,010716050d031201,0,
359,2,-3,63,1,normal,010716050d031201,010716050d031201,0,
360,2,-3,63,1,fault,010716050d031201,010716050d001000,3,5;6;7
361,2,-3,63,1,normal,010716050d031201,010716050d031201,0,
362,2,-3,63,1,normal,010716050d031201,010716050d031201,0,
363,2,-3,63,1,normal,010716050d031201,010716050d031201,0,
364,2,-3,63,1,normal,010716050d031201,010716050d031201,0,
365,2,-3,63,1,no_response,010716050d031201,,0,
366,2,-3,63,1,fault,010716050d031201,0107160509081808,4,4;5;6;7
367,2,-3,63,1,normal,010716050d031201,010716050d031201,0,
368,2,-3,63,1,normal,010716050d031201,010716050d031201,0,
369,2,-3,63,1,normal,010716050d031201,010716050d031201,0,
370,2,-3,63,1,fault,010716050d031201,0107160509081808,4,4;5;6;7
371,2,-3,63,1,normal,010716050d031201,010716050d031201,0,
372,2,-3,63,1,normal,010716050d031201,010716050d031201,0,
373,2,-3,63,1,normal,010716050d031201,010716050d031201,0,
374,2,-3,63,1,normal,010716050d031201,010716050d031201,0,
375,2,-3,63,1,normal,010716050d031201,010716050d031201,0,
376,2,-3,63,1,normal,010716050d031201,010716050d031201,0,
377,2,-3,63,1,normal,010716050d031201,010716050d031201,0,
378,2,-3,63,1,fault,010716050d031201,010716050d001000,3,5;6;7
379,2,-3,63,1,normal,010716050d031201,010716050d031201,0,
380,2,-3,63,1,normal,010716050d031201,010716050d031201,0,
381,2,-3,63,1,normal,010716050d031201,010716050d031201,0,
382,2,-3,63,1,normal,010716050d031201,010716050d031201,0,
383,2,-3,63,1,normal,010716050d031201,010716050d031201,0,
384,2,-3,63,1,fault,010716050d031201,0107160509081808,4,4;5;6;7
385,2,-3,63,1,normal,010716050d031201,010716050d031201,0,
386,2,-3,63,1,fault,010716050d031201,0107160509081808,4,4;5;6;7
387,2,-3,63,1,normal,010716050d031201,010716050d031201,0,
388,2,-3,63,1,no_response,010716050d031201,,0,
389,2,-3,63,1,no_response,010716050d031201,,0,
390,2,-3,63,1,normal,010716050d031201,010716050d031201,0,
391,2,-3,63,1,normal,010716050d031201,010716050d031201,0,
392,2,-3,63,1,normal,010716050d031201,010716050d031201,0,
393,2,-3,63,1,normal,010716050d031201,010716050d031201,0,
394,2,-3,63,1,normal,010716050d031201,010716050d031201,0,
395,2,-3,63,1,normal,010716050d031201,010716050d031201,0,
396,2,-3,63,1,fault,010716050d031201,0107160509081808,4,4;5;6;7
397,2,-3,63,1,fault,010716050d031201,0107160509081808,4,4;5;6;7
398,2,-3,63,1,normal,010716050d031201,010716050d031201,0,
399,2,-3,63,1,normal,010716050d031201,010716050d031201,0,
400,2,-3,63,1,normal,010716050d031201,010716050d031201,0,
401,2,-3,63,1,normal,010716050d031201,010716050d031201,0,
402,2,-3,63,1,no_response,010716050d031201,,0,
403,2,-3,63,1,no_response,010716050d031201,,0,
404,2,-3,63,1,normal,010716050d031201,010716050d031201,0,
405,2,-3,63,1,normal,010716050d031201,010716050d031201,0,
406,2,-3,63,1,normal,010716050d031201,010716050d031201,0,
407,2,-3,63,1,fault,010716050d031201,010716050d001000,3,5;6;7
408,2,-3,63,1,normal,010716050d031201,010716050d031201,0,
409,2,-3,63,1,normal,010716050d031201,010716050d031201,0,
410,2,-3,63,1,normal,010716050d031201,010716050d031201,0,
411,2,-3,63,1,no_response,010716050d031201,,0,
412,2,-3,63,1,normal,010716050d031201,010716050d031201,0,
413,2,-3,63,1,fault,010716050d031201,010716050d001000,3,5;6;7
414,2,-3,63,1,normal,010716050d031201,010716050d031201,0,
415,2,-3,63,1,normal,010716050d031201,010716050d031201,0,
416,2,-3,63,1,normal,010716050d031201,010716050d031201,0,
417,2,-3,63,1,fault,010716050d031201,010716050d001000,3,5;6;7
418,2,-3,63,1,normal,010716050d031201,010716050d031201,0,
419,2,-3,63,1,normal,010716050d031201,010716050d031201,0,
420,2,-3,63,1,normal,010716050d031201,010716050d031201,0,
421,2,-3,63,1,normal,010716050d031201,010716050d031201,0,
422,2,-3,63,1,normal,010716050d031201,010716050d031201,0,
423,2,-3,63,1,fault,010716050d031201,010716050d001000,3,5;6;7
424,2,-3,63,1,fault,010716050d031201,010716050d001000,3,5;6;7
425,2,-3,63,1,fault,010716050d031201,010716050d001000,3,5;6;7
426,2,-3,63,1,normal,010716050d031201,010716050d031201,0,
427,2,-3,63,1,normal,010716050d031201,010716050d031201,0,
428,2,-3,63,1,normal,010716050d031201,010716050d031201,0,
429,2,-3,63,1,normal,010716050d031201,010716050d031201,0,
430,2,-3,63,1,fault,010716050d031201,010716050d001000,3,5;6;7
431,2,-3,63,1,normal,010716050d031201,010716050d031201,0,
432,2,-3,63,1,fault,010716050d031201,010716050d001000,3,5;6;7
433,2,-3,63,1,fault,010716050d031201,010716050d001000,3,5;6;7
434,2,-3,63,1,fault,010716050d031201,010716050d001000,3,5;6;7
435,2,-3,63,1,normal,010716050d031201,010716050d031201,0,
436,2,-3,63,1,normal,010716050d031201,010716050d031201,0,
437,2,-3,63,1,fault,010716050d031201,010716050d001000,3,5;6;7
438,2,-3,63,1,fault,010716050d031201,010716050d001000,3,5;6;7
439,2,-3,63,1,normal,010716050d031201,010716050d031201,0,
440,2,-3,63,1,normal,010716050d031201,010716050d031201,0,
441,2,-3,63,1,normal,010716050d031201,010716050d031201,0,
442,2,-3,63,1,fault,010716050d031201,010716050d001000,3,5;6;7
443,2,-3,63,1,normal,010716050d031201,010716050d031201,0,
444,2,-3,63,1,normal,010716050d031201,010716050d031201,0,
445,2,-3,63,1,normal,010716050d031201,010716050d031201,0,
446,2,-3,63,1,fault,010716050d031201,010716050d001000,3,5;6;7
447,2,-3,63,1,normal,010716050d031201,010716050d031201,0,
448,2,-3,63,1,normal,010716050d031201,010716050d031201,0,
449,2,-3,63,1,normal,010716050d031201,010716050d031201,0,
450,2,-3,63,1,no_response,010716050d031201,,0,
451,2,-3,63,1,normal,010716050d031201,010716050d031201,0,
452,2,-3,63,1,normal,010716050d031201,010716050d031201,0,
453,2,-3,63,1,fault,010716050d031201,0107160509081808,4,4;5;6;7
454,2,-3,63,1,fault,010716050d031201,010716050d001000,3,5;6;7
455,2,-3,63,1,fault,010716050d031201,0107160509081808,4,4;5;6;7
456,2,-3,63,1,normal,010716050d031201,010716050d031201,0,
457,2,-3,63,1,normal,010716050d031201,010716050d031201,0,
458,2,-3,63,1,fault,010716050d031201,010716050d001000,3,5;6;7
459,2,-3,63,1,normal,010716050d031201,010716050d031201,0,
460,2,-3,63,1,fault,010716050d031201,010716050d001000,3,5;6;7
461,2,-3,63,1,normal,010716050d031201,010716050d031201,0,
462,2,-3,63,1,fault,010716050d031201,0107160509081808,4,4;5;6;7
463,2,-3,63,1,normal,010716050d031201,010716050d031201,0,
464,2,-3,63,1,normal,010716050d031201,010716050d031201,0,
465,2,-3,63,1,fault,010716050d031201,010716050d001000,3,5;6;7
466,2,-3,63,1,normal,010716050d031201,010716050d031201,0,
467,2,-3,63,1,normal,010716050d031201,010716050d031201,0,
468,2,-3,63,1,fault,010716050d031201,0107160509081808,4,4;5;6;7
469,2,-3,63,1,fault,010716050d031201,010716050d001000,3,5;6;7
470,2,-3,63,1,normal,010716050d031201,010716050d031201,0,
471,2,-3,63,1,normal,010716050d031201,010716050d031201,0,
472,2,-3,63,1,normal,010716050d031201,010716050d031201,0,
473,2,-3,63,1,normal,010716050d031201,010716050d031201,0,
474,2,-3,63,1,normal,010716050d031201,010716050d031201,0,
475,2,-3,63,1,normal,010716050d031201,010716050d031201,0,
476,2,-3,63,1,normal,010716050d031201,010716050d031201,0,
477,2,-3,63,1,normal,010716050d031201,010716050d031201,0,
478,2,-3,63,1,normal,010716050d031201,010716050d031201,0,
479,2,-3,63,1,normal,010716050d031201,010716050d031201,0,
480,2,-3,63,1,no_response,010716050d031201,,0,
481,2,-3,63,1,fault,010716050d031201,010716050d001000,3,5;6;7
482,2,-3,63,1,fault,010716050d031201,010716050d001000,3,5;6;7
483,2,-3,63,1,normal,010716050d031201,010716050d031201,0,
484,2,-3,63,1,normal,010716050d031201,010716050d031201,0,
485,2,-3,63,1,normal,010716050d031201,010716050d031201,0,
486,2,-3,63,1,normal,010716050d031201,010716050d031201,0,
487,2,-3,63,1,fault,010716050d031201,01071605090b1a09,4,4;5;6;7
488,2,-3,63,1,normal,010716050d031201,010716050d031201,0,
489,2,-3,63,1,normal,010716050d031201,010716050d031201,0,
490,2,-3,63,1,fault,010716050d031201,0107160509081808,4,4;5;6;7
491,2,-3,63,1,normal,010716050d031201,010716050d031201,0,
492,2,-3,63,1,normal,010716050d031201,010716050d031201,0,
493,2,-3,63,1,normal,010716050d031201,010716050d031201,0,
494,2,-3,63,1,fault,010716050d031201,010716050d001000,3,5;6;7
495,2,-3,63,1,normal,010716050d031201,010716050d031201,0,
496,2,-3,63,1,normal,010716050d031201,010716050d031201,0,
497,2,-3,63,1,fault,010716050d031201,010716050d001000,3,5;6;7
498,2,-3,63,1,normal,010716050d031201,010716050d031201,0,
499,2,-3,63,1,normal,010716050d031201,010716050d031201,0,
500,2,-3,63,1,normal,010716050d031201,010716050d031201,0,
501,2,-3,63,1,normal,010716050d031201,010716050d031201,0,
502,2,-3,63,1,normal,010716050d031201,010716050d031201,0,
503,2,-3,63,1,normal,010716050d031201,010716050d031201,0,
504,2,-3,63,1,fault,010716050d031201,010716050d001000,3,5;6;7
505,2,-3,63,1,normal,010716050d031201,010716050d031201,0,
506,2,-3,63,1,normal,010716050d031201,010716050d031201,0,
507,2,-3,63,1,normal,010716050d031201,010716050d031201,0,
508,2,-3,63,1,normal,010716050d031201,010716050d031201,0,
509,2,-3,63,1,fault,010716050d031201,010716050d001000,3,5;6;7
510,2,-3,63,1,normal,010716050d031201,010716050d031201,0,
511,2,-3,63,1,normal,010716050d031201,010716050d031201,0,
512,2,-3,63,1,normal,010716050d031201,010716050d031201,0,
513,2,-3,63,1,normal,010716050d031201,010716050d031201,0,
514,2,-3,63,1,normal,010716050d031201,010716050d031201,0,
515,2,-3,63,1,normal,010716050d031201,010716050d031201,0,
516,2,-3,63,1,normal,010716050d031201,010716050d031201,0,
517,2,-3,63,1,normal,010716050d031201,010716050d031201,0,
518,2,-3,63,1,normal,010716050d031201,010716050d031201,0,
519,2,-3,63,1,normal,010716050d031201,010716050d031201,0,
520,2,-3,63,1,normal,010716050d031201,010716050d031201,0,
521,2,-3,63,1,no_response,010716050d031201,,0,
522,2,-3,63,1,normal,010716050d031201,010716050d031201,0,
523,2,-3,63,1,normal,010716050d031201,010716050d031201,0,
524,2,-3,63,1,normal,010716050d031201,010716050d031201,0,
525,2,-3,63,1,normal,010716050d031201,010716050d031201,0,
526,2,-3,63,1,normal,010716050d031201,010716050d031201,0,
527,2,-3,63,1,fault,010716050d031201,010716050d001000,3,5;6;7
528,2,-3,63,1,normal,010716050d031201,010716050d031201,0,
529,2,-3,63,1,fault,010716050d031201,010716050d001000,3,5;6;7
530,2,-3,63,1,fault,010716050d031201,010716050d001000,3,5;6;7
531,2,-3,63,1,normal,010716050d031201,010716050d031201,0,
532,2,-3,63,1,normal,010716050d031201,010716050d031201,0,
533,2,-3,63,1,normal,010716050d031201,010716050d031201,0,
534,2,-3,63,1,normal,010716050d031201,010716050d031201,0,
535,2,-3,63,1,normal,010716050d031201,010716050d031201,0,
536,2,-3,63,1,normal,010716050d031201,010716050d031201,0,
537,2,-3,63,1,fault,010716050d031201,010716050d001000,3,5;6;7
538,2,-3,63,1,normal,010716050d031201,010716050d031201,0,
539,2,-3,63,1,no_response,010716050d031201,,0,
540,2,-3,63,1,normal,010716050d031201,010716050d031201,0,
541,2,-3,63,1,normal,010716050d031201,010716050d031201,0,
542,2,-3,63,1,normal,010716050d031201,010716050d031201,0,
543,2,-3,63,1,normal,010716050d031201,010716050d031201,0,
544,2,-3,63,1,normal,010716050d031201,010716050d031201,0,
545,2,-3,63,1,normal,010716050d031201,010716050d031201,0,
546,2,-3,63,1,normal,010716050d031201,010716050d031201,0,
547,2,-3,63,1,normal,010716050d031201,010716050d031201,0,
548,2,-3,63,1,fault,010716050d031201,010716050d001000,3,5;6;7
549,2,-3,63,1,normal,010716050d031201,010716050d031201,0,
550,2,-3,63,1,normal,010716050d031201,010716050d031201,0,
551,2,-3,63,1,normal,010716050d031201,010716050d031201,0,
552,2,-3,63,1,normal,010716050d031201,010716050d031201,0,
553,2,-3,63,1,normal,010716050d031201,010716050d031201,0,
554,2,-3,63,1,normal,010716050d031201,010716050d031201,0,
555,2,-3,63,1,fault,010716050d031201,010716050d001000,3,5;6;7
556,2,-3,63,1,normal,010716050d031201,010716050d031201,0,
557,2,-3,63,1,normal,010716050d031201,010716050d031201,0,
558,2,-3,63,1,normal,010716050d031201,010716050d031201,0,
559,2,-3,63,1,fault,010716050d031201,010716050d001000,3,5;6;7
560,2,-3,63,1,normal,010716050d031201,010716050d031201,0,
561,2,-3,63,1,no_response,010716050d031201,,0,
562,2,-3,63,1,normal,010716050d031201,010716050d031201,0,
563,2,-3,63,1,normal,010716050d031201,010716050d031201,0,
564,2,-3,63,1,normal,010716050d031201,010716050d031201,0,
565,2,-3,63,1,normal,010716050d031201,010716050d031201,0,
566,2,-3,63,1,normal,010716050d031201,010716050d031201,0,
567,2,-3,63,1,normal,010716050d031201,010716050d031201,0,
568,2,-3,63,1,no_response,010716050d031201,,0,
569,2,-3,63,1,normal,010716050d031201,010716050d031201,0,
570,2,-3,63,1,fault,010716050d031201,010716050d001000,3,5;6;7
571,2,-3,63,1,normal,010716050d031201,010716050d031201,0,
572,2,-3,63,1,normal,010716050d031201,010716050d031201,0,
573,2,-3,63,1,fault,010716050d031201,010716050d001000,3,5;6;7
574,2,-3,63,1,normal,010716050d031201,010716050d031201,0,
575,2,-3,63,1,fault,010716050d031201,010716050d001000,3,5;6;7
576,2,-3,63,1,normal,010716050d031201,010716050d031201,0,
577,2,-3,63,1,normal,010716050d031201,010716050d031201,0,
578,2,-3,63,1,fault,010716050d031201,010716050d001000,3,5;6;7
579,2,-3,63,1,normal,010716050d031201,010716050d031201,0,
580,2,-3,63,1,normal,010716050d031201,010716050d031201,0,
581,2,-3,63,1,normal,010716050d031201,010716050d031201,0,
582,2,-3,63,1,normal,010716050d031201,010716050d031201,0,
583,2,-3,63,1,normal,010716050d031201,010716050d031201,0,
584,2,-3,63,1,normal,010716050d031201,010716050d031201,0,
585,2,-3,63,1,fault,010716050d031201,010716050d001000,3,5;6;7
586,2,-3,63,1,fault,010716050d031201,010716050d001000,3,5;6;7
587,2,-3,63,1,normal,010716050d031201,010716050d031201,0,
588,2,-3,63,1,normal,010716050d031201,010716050d031201,0,
589,2,-3,63,1,fault,010716050d031201,010716050d001000,3,5;6;7
590,2,-3,63,1,normal,010716050d031201,010716050d031201,0,
591,2,-3,63,1,normal,010716050d031201,010716050d031201,0,
592,2,-3,63,1,normal,010716050d031201,010716050d031201,0,
593,2,-3,63,1,normal,010716050d031201,010716050d031201,0,
594,2,-3,63,1,normal,010716050d031201,010716050d031201,0,
595,2,-3,63,1,normal,010716050d031201,010716050d031201,0,
596,2,-3,63,1,fault,010716050d031201,010716050d001000,3,5;6;7
597,2,-3,63,1,fault,010716050d031201,010716050d001000,3,5;6;7
598,2,-3,63,1,fault,010716050d031201,010716050d001000,3,5;6;7
599,2,-3,63,1,normal,010716050d031201,010716050d031201,0,
600,2,-3,63,1,normal,010716050d031201,010716050d031201,0,
601,2,-3,63,1,no_response,010716050d031201,,0,
602,2,-3,63,1,no_response,010716050d031201,,0,
603,2,-3,63,1,normal,010716050d031201,010716050d031201,0,
604,2,-3,63,1,fault,010716050d031201,010716050d001000,3,5;6;7
605,2,-3,63,1,normal,010716050d031201,010716050d031201,0,
606,2,-3,63,1,normal,010716050d031201,010716050d031201,0,
607,2,-3,63,1,normal,010716050d031201,010716050d031201,0,
608,2,-3,63,1,normal,010716050d031201,010716050d031201,0,
609,2,-3,63,1,normal,010716050d031201,010716050d031201,0,
610,2,-3,63,1,normal,010716050d031201,010716050d031201,0,
611,2,-3,63,1,normal,010716050d031201,010716050d031201,0,
612,2,-3,63,1,normal,010716050d031201,010716050d031201,0,
613,2,-3,63,1,normal,010716050d031201,010716050d031201,0,
614,2,-3,63,1,normal,010716050d031201,010716050d031201,0,
615,2,-3,63,1,normal,010716050d031201,010716050d031201,0,
616,2,-3,63,1,normal,010716050d031201,010716050d031201,0,
617,2,-3,63,1,normal,010716050d031201,010716050d031201,0,
618,2,-3,63,1,normal,010716050d031201,010716050d031201,0,
619,2,-3,63,1,fault,010716050d031201,010716050d001000,3,5;6;7
620,2,-3,63,1,normal,010716050d031201,010716050d031201,0,
621,2,-3,63,1,normal,010716050d031201,010716050d031201,0,
622,2,-3,63,1,normal,010716050d031201,010716050d031201,0,
623,2,-3,63,1,normal,010716050d031201,010716050d031201,0,
624,2,-3,63,1,normal,010716050d031201,010716050d031201,0,
625,2,-3,63,1,no_response,010716050d031201,,0,
626,2,-3,63,1,normal,010716050d031201,010716050d031201,0,
627,2,-3,63,1,no_response,010716050d031201,,0,
628,2,-3,63,1,no_response,010716050d031201,,0,
629,2,-3,63,1,normal,010716050d031201,010716050d031201,0,
630,2,-3,63,1,normal,010716050d031201,010716050d031201,0,
631,2,-3,63,1,normal,010716050d031201,010716050d031201,0,
632,2,-3,63,1,normal,010716050d031201,010716050d031201,0,
633,2,-3,63,1,normal,010716050d031201,010716050d031201,0,
634,2,-3,63,1,fault,010716050d031201,010716050d001000,3,5;6;7
635,2,-3,63,1,fault,010716050d031201,010716050d001000,3,5;6;7
636,2,-3,63,1,fault,010716050d031201,010716050d001000,3,5;6;7
637,2,-3,63,1,fault,010716050d031201,0107160509081808,4,4;5;6;7
638,2,-3,63,1,normal,010716050d031201,010716050d031201,0,
639,2,-3,63,1,normal,010716050d031201,010716050d031201,0,
640,2,-3,63,1,normal,010716050d031201,010716050d031201,0,
641,2,-3,63,1,no_response,010716050d031201,,0,
642,2,-3,63,1,normal,010716050d031201,010716050d031201,0,
643,2,-3,63,1,fault,010716050d031201,010716050d001000,3,5;6;7
644,2,-3,63,1,normal,010716050d031201,010716050d031201,0,
645,2,-3,63,1,no_response,010716050d031201,,0,
646,2,-3,63,1,normal,010716050d031201,010716050d031201,0,
647,2,-3,63,1,normal,010716050d031201,010716050d031201,0,
648,2,-3,63,1,normal,010716050d031201,010716050d031201,0,
649,2,-3,63,1,fault,010716050d031201,010716050d001000,3,5;6;7
650,2,-3,63,1,normal,010716050d031201,010716050d031201,0,
651,2,-3,63,1,fault,010716050d031201,010716050d001000,3,5;6;7
652,2,-3,63,1,no_response,010716050d031201,,0,
653,2,-3,63,1,fault,010716050d031201,0107160509081808,4,4;5;6;7
654,2,-3,63,1,normal,010716050d031201,010716050d031201,0,
655,2,-3,63,1,normal,010716050d031201,010716050d031201,0,
656,2,-3,63,1,normal,010716050d031201,010716050d031201,0,
657,2,-3,63,1,normal,010716050d031201,010716050d031201,0,
658,2,-3,63,1,normal,010716050d031201,010716050d031201,0,
659,2,-3,63,1,no_response,010716050d031201,,0,
660,2,-3,63,1,normal,010716050d031201,010716050d031201,0,
661,2,-3,63,1,normal,010716050d031201,010716050d031201,0,
662,2,-3,63,1,normal,010716050d031201,010716050d031201,0,
663,2,-3,63,1,normal,010716050d031201,010716050d031201,0,
664,2,-3,63,1,normal,010716050d031201,010716050d031201,0,
665,2,-3,63,1,fault,010716050d031201,010716050d001000,3,5;6;7
666,2,-3,63,1,normal,010716050d031201,010716050d031201,0,
667,2,-3,63,1,normal,010716050d031201,010716050d031201,0,
668,2,-3,63,1,normal,010716050d031201,010716050d031201,0,
669,2,-3,63,1,normal,010716050d031201,010716050d031201,0,
670,2,-3,63,1,fault,010716050d031201,010716050d001000,3,5;6;7
671,2,-3,63,1,normal,010716050d031201,010716050d031201,0,
672,2,-3,63,1,normal,010716050d031201,010716050d031201,0,
673,2,-3,63,1,no_response,010716050d031201,,0,
674,2,-3,63,1,fault,010716050d031201,010716050d001000,3,5;6;7
675,2,-3,63,1,normal,010716050d031201,010716050d031201,0,
676,2,-3,63,1,fault,010716050d031201,0107160509081808,4,4;5;6;7
677,2,-3,63,1,normal,010716050d031201,010716050d031201,0,
678,2,-3,63,1,normal,010716050d031201,010716050d031201,0,
679,2,-3,63,1,normal,010716050d031201,010716050d031201,0,
680,2,-3,63,1,normal,010716050d031201,010716050d031201,0,
681,2,-3,63,1,normal,010716050d031201,010716050d031201,0,
682,2,-3,63,1,fault,010716050d031201,0107160509081808,4,4;5;6;7
683,2,-3,63,1,fault,010716050d031201,0107160509081808,4,4;5;6;7
684,2,-3,63,1,normal,010716050d031201,010716050d031201,0,
685,2,-3,63,1,normal,010716050d031201,010716050d031201,0,
686,2,-3,63,1,normal,010716050d031201,010716050d031201,0,
687,2,-3,63,1,normal,010716050d031201,010716050d031201,0,
688,2,-3,63,1,normal,010716050d031201,010716050d031201,0,
689,2,-3,63,1,fault,010716050d031201,010716050d001000,3,5;6;7
690,2,-3,63,1,normal,010716050d031201,010716050d031201,0,
691,2,-3,63,1,fault,010716050d031201,010716050d001000,3,5;6;7
692,2,-3,63,1,normal,010716050d031201,010716050d031201,0,
693,2,-3,63,1,normal,010716050d031201,010716050d031201,0,
694,2,-3,63,1,normal,010716050d031201,010716050d031201,0,
695,2,-3,63,1,fault,010716050d031201,010716050d001000,3,5;6;7
696,2,-3,63,1,normal,010716050d031201,010716050d031201,0,
697,2,-3,63,1,fault,010716050d031201,010716050d001000,3,5;6;7
698,2,-3,63,1,no_response,010716050d031201,,0,
699,2,-3,63,1,normal,010716050d031201,010716050d031201,0,
700,2,-3,63,1,normal,010716050d031201,010716050d031201,0,
701,2,-3,63,1,fault,010716050d031201,010716050d001000,3,5;6;7
702,2,-3,63,1,fault,010716050d031201,010716050d001000,3,5;6;7
703,2,-3,63,1,normal,010716050d031201,010716050d031201,0,
704,2,-3,63,1,normal,010716050d031201,010716050d031201,0,
705,2,-3,63,1,normal,010716050d031201,010716050d031201,0,
706,2,-3,63,1,normal,010716050d031201,010716050d031201,0,
707,2,-3,63,1,normal,010716050d031201,010716050d031201,0,
708,2,-3,63,1,normal,010716050d031201,010716050d031201,0,
709,2,-3,63,1,normal,010716050d031201,010716050d031201,0,
710,2,-3,63,1,normal,010716050d031201,010716050d031201,0,
711,2,-3,63,1,normal,010716050d031201,010716050d031201,0,
712,2,-3,63,1,normal,010716050d031201,010716050d031201,0,
713,2,-3,63,1,no_response,010716050d031201,,0,
714,2,-3,63,1,normal,010716050d031201,010716050d031201,0,
715,2,-3,63,1,normal,010716050d031201,010716050d031201,0,
716,2,-3,63,1,normal,010716050d031201,010716050d031201,0,
717,2,-3,63,1,normal,010716050d031201,010716050d031201,0,
718,2,-3,63,1,normal,010716050d031201,010716050d031201,0,
719,2,-3,63,1,normal,010716050d031201,010716050d031201,0,
720,2,-3,63,1,normal,010716050d031201,010716050d031201,0,
721,2,-3,63,1,fault,010716050d031201,010716050d001000,3,5;6;7
722,2,-3,63,1,normal,010716050d031201,010716050d031201,0,
723,2,-3,63,1,no_response,010716050d031201,,0,
724,2,-3,63,1,fault,010716050d031201,010716050d001000,3,5;6;7
725,2,-3,63,1,normal,010716050d031201,010716050d031201,0,
726,2,-3,63,1,fault,010716050d031201,010716050d001000,3,5;6;7
727,2,-3,63,1,normal,010716050d031201,010716050d031201,0,
728,2,-3,63,1,normal,010716050d031201,010716050d031201,0,
729,2,-3,63,1,normal,010716050d031201,010716050d031201,0,
730,2,-3,63,1,no_response,010716050d031201,,0,
731,2,-3,63,1,no_response,010716050d031201,,0,
732,2,-3,63,1,fault,010716050d031201,0107160509081808,4,4;5;6;7
733,2,-3,63,1,normal,010716050d031201,010716050d031201,0,
734,2,-3,63,1,normal,010716050d031201,010716050d031201,0,
735,2,-3,63,1,normal,010716050d031201,010716050d031201,0,
736,2,-3,63,1,normal,010716050d031201,010716050d031201,0,
737,2,-3,63,1,normal,010716050d031201,010716050d031201,0,
738,2,-3,63,1,normal,010716050d031201,010716050d031201,0,
739,2,-3,63,1,normal,010716050d031201,010716050d031201,0,
740,2,-3,63,1,normal,010716050d031201,010716050d031201,0,
741,2,-3,63,1,fault,010716050d031201,010716050d001000,3,5;6;7
742,2,-3,63,1,normal,010716050d031201,010716050d031201,0,
743,2,-3,63,1,normal,010716050d031201,010716050d031201,0,
744,2,-3,63,1,normal,010716050d031201,010716050d031201,0,
745,2,-3,63,1,fault,010716050d031201,010716050d001000,3,5;6;7
746,2,-3,63,1,normal,010716050d031201,010716050d031201,0,
747,2,-3,63,1,normal,010716050d031201,010716050d031201,0,
748,2,-3,63,1,normal,010716050d031201,010716050d031201,0,
749,2,-3,63,1,normal,010716050d031201,010716050d031201,0,
750,2,-3,63,1,fault,010716050d031201,010716050d001000,3,5;6;7
751,2,-3,63,1,normal,010716050d031201,010716050d031201,0,
752,2,-3,63,1,fault,010716050d031201,010716050d001000,3,5;6;7
753,2,-3,63,1,fault,010716050d031201,0107160509081808,4,4;5;6;7
754,2,-3,63,1,normal,010716050d031201,010716050d031201,0,
755,2,-3,63,1,normal,010716050d031201,010716050d031201,0,
756,2,-3,63,1,normal,010716050d031201,010716050d031201,0,
757,2,-3,63,1,no_response,010716050d031201,,0,
758,2,-3,63,1,normal,010716050d031201,010716050d031201,0,
759,2,-3,63,1,normal,010716050d031201,010716050d031201,0,
760,2,-3,63,1,normal,010716050d031201,010716050d031201,0,
761,2,-3,63,1,normal,010716050d031201,010716050d031201,0,
762,2,-3,63,1,normal,010716050d031201,010716050d031201,0,
763,2,-3,63,1,normal,010716050d031201,010716050d031201,0,
764,2,-3,63,1,normal,010716050d031201,010716050d031201,0,
765,2,-3,63,1,normal,010716050d031201,010716050d031201,0,
766,2,-3,63,1,normal,010716050d031201,010716050d031201,0,
767,2,-3,63,1,normal,010716050d031201,010716050d031201,0,
768,2,-3,63,1,fault,010716050d031201,010716050d001000,3,5;6;7
769,2,-3,63,1,normal,010716050d031201,010716050d031201,0,
770,2,-3,63,1,normal,010716050d031201,010716050d031201,0,
771,2,-3,63,1,normal,010716050d031201,010716050d031201,0,
772,2,-3,63,1,fault,010716050d031201,010716050d001000,3,5;6;7
773,2,-3,63,1,normal,010716050d031201,010716050d031201,0,
774,2,-3,63,1,normal,010716050d031201,010716050d031201,0,
775,2,-3,63,1,normal,010716050d031201,010716050d031201,0,
776,2,-3,63,1,normal,010716050d031201,010716050d031201,0,
777,2,-3,63,1,normal,010716050d031201,010716050d031201,0,
778,2,-3,63,1,normal,010716050d031201,010716050d031201,0,
779,2,-3,63,1,normal,010716050d031201,010716050d031201,0,
780,2,-3,63,1,normal,010716050d031201,010716050d031201,0,
781,2,-3,63,1,normal,010716050d031201,010716050d031201,0,
782,2,-3,63,1,fault,010716050d031201,0107160509081808,4,4;5;6;7
783,2,-3,63,1,normal,010716050d031201,010716050d031201,0,
784,2,-3,63,1,normal,010716050d031201,010716050d031201,0,
785,2,-3,63,1,normal,010716050d031201,010716050d031201,0,
786,2,-3,63,1,normal,010716050d031201,010716050d031201,0,
787,2,-3,63,1,normal,010716050d031201,010716050d031201,0,
788,2,-3,63,1,normal,010716050d031201,010716050d031201,0,
789,2,-3,63,1,normal,010716050d031201,010716050d031201,0,
790,2,-3,63,1,fault,010716050d031201,010716050d001000,3,5;6;7
791,2,-3,63,1,no_response,010716050d031201,,0,
792,2,-3,63,1,fault,010716050d031201,010716050d001000,3,5;6;7
793,2,-3,63,1,normal,010716050d031201,010716050d031201,0,
794,2,-3,63,1,normal,010716050d031201,010716050d031201,0,
795,2,-3,63,1,fault,010716050d031201,010716050d001000,3,5;6;7
796,2,-3,63,1,normal,010716050d031201,010716050d031201,0,
797,2,-3,63,1,normal,010716050d031201,010716050d031201,0,
798,2,-3,63,1,normal,010716050d031201,010716050d031201,0,
799,2,-3,63,1,normal,010716050d031201,010716050d031201,0,
800,2,-3,63,1,normal,010716050d031201,010716050d031201,0,
801,2,-3,63,1,normal,010716050d031201,010716050d031201,0,
802,2,-3,63,1,normal,010716050d031201,010716050d031201,0,
803,2,-3,63,1,fault,010716050d031201,0107160509081808,4,4;5;6;7
804,2,-3,63,1,fault,010716050d031201,010716050d001000,3,5;6;7
805,2,-3,63,1,normal,010716050d031201,010716050d031201,0,
806,2,-3,63,1,normal,010716050d031201,010716050d031201,0,
807,2,-3,63,1,fault,010716050d031201,010716050d001000,3,5;6;7
808,2,-3,63,1,normal,010716050d031201,010716050d031201,0,
809,2,-3,63,1,normal,010716050d031201,010716050d031201,0,
810,2,-3,63,1,fault,010716050d031201,010716050d001000,3,5;6;7
811,2,-3,63,1,normal,010716050d031201,010716050d031201,0,
812,2,-3,63,1,fault,010716050d031201,010716050d001000,3,5;6;7
813,2,-3,63,1,normal,010716050d031201,010716050d031201,0,
814,2,-3,63,1,normal,010716050d031201,010716050d031201,0,
815,2,-3,63,1,normal,010716050d031201,010716050d031201,0,
816,2,-3,63,1,normal,010716050d031201,010716050d031201,0,
817,2,-3,63,1,normal,010716050d031201,010716050d031201,0,
818,2,-3,63,1,no_response,010716050d031201,,0,
819,2,-3,63,1,normal,010716050d031201,010716050d031201,0,
820,2,-3,63,1,normal,010716050d031201,010716050d031201,0,
821,2,-3,63,1,normal,010716050d031201,010716050d031201,0,
822,2,-3,63,1,normal,010716050d031201,010716050d031201,0,
823,2,-3,63,1,normal,010716050d031201,010716050d031201,0,
824,2,-3,63,1,normal,010716050d031201,010716050d031201,0,
825,2,-3,63,1,normal,010716050d031201,010716050d031201,0,
826,2,-3,63,1,normal,010716050d031201,010716050d031201,0,
827,2,-3,63,1,normal,010716050d031201,010716050d031201,0,
828,2,-3,63,1,normal,010716050d031201,010716050d031201,0,
829,2,-3,63,1,normal,010716050d031201,010716050d031201,0,
830,2,-3,63,1,fault,010716050d031201,0107160509081808,4,4;5;6;7
831,2,-3,63,1,normal,010716050d031201,010716050d031201,0,
832,2,-3,63,1,normal,010716050d031201,010716050d031201,0,
833,2,-3,63,1,fault,010716050d031201,010716050d001000,3,5;6;7
834,2,-3,63,1,normal,010716050d031201,010716050d031201,0,
835,2,-3,63,1,normal,010716050d031201,010716050d031201,0,
836,2,-3,63,1,normal,010716050d031201,010716050d031201,0,
837,2,-3,63,1,normal,010716050d031201,010716050d031201,0,
838,2,-3,63,1,no_response,010716050d031201,,0,
839,2,-3,63,1,normal,010716050d031201,010716050d031201,0,
840,2,-3,63,1,normal,010716050d031201,010716050d031201,0,
841,2,-3,63,1,normal,010716050d031201,010716050d031201,0,
842,2,-3,63,1,normal,010716050d031201,010716050d031201,0,
843,2,-3,63,1,normal,010716050d031201,010716050d031201,0,
844,2,-3,63,1,normal,010716050d031201,010716050d031201,0,
845,2,-3,63,1,normal,010716050d031201,010716050d031201,0,
846,2,-3,63,1,normal,010716050d031201,010716050d031201,0,
847,2,-3,63,1,normal,010716050d031201,010716050d031201,0,
848,2,-3,63,1,normal,010716050d031201,010716050d031201,0,
849,2,-3,63,1,normal,010716050d031201,010716050d031201,0,
850,2,-3,63,1,normal,010716050d031201,010716050d031201,0,
851,2,-3,63,1,normal,010716050d031201,010716050d031201,0,
852,2,-3,63,1,normal,010716050d031201,010716050d031201,0,
853,2,-3,63,1,normal,010716050d031201,010716050d031201,0,
854,2,-3,63,1,normal,010716050d031201,010716050d031201,0,
855,2,-3,63,1,no_response,010716050d031201,,0,
856,2,-3,63,1,no_response,010716050d031201,,0,
857,2,-3,63,1,normal,010716050d031201,010716050d031201,0,
858,2,-3,63,1,fault,010716050d031201,010716050d001000,3,5;6;7
859,2,-3,63,1,fault,010716050d031201,010716050d001000,3,5;6;7
860,2,-3,63,1,normal,010716050d031201,010716050d031201,0,
861,2,-3,63,1,normal,010716050d031201,010716050d031201,0,
862,2,-3,63,1,normal,010716050d031201,010716050d031201,0,
863,2,-3,63,1,fault,010716050d031201,010716050d001000,3,5;6;7
864,2,-3,63,1,fault,010716050d031201,010716050d001000,3,5;6;7
865,2,-3,63,1,normal,010716050d031201,010716050d031201,0,
866,2,-3,63,1,normal,010716050d031201,010716050d031201,0,
867,2,-3,63,1,normal,010716050d031201,010716050d031201,0,
868,2,-3,63,1,normal,010716050d031201,010716050d031201,0,
869,2,-3,63,1,fault,010716050d031201,010716050d001000,3,5;6;7
870,2,-3,63,1,normal,010716050d031201,010716050d031201,0,
871,2,-3,63,1,normal,010716050d031201,010716050d031201,0,
872,2,-3,63,1,normal,010716050d031201,010716050d031201,0,
873,2,-3,63,1,normal,010716050d031201,010716050d031201,0,
874,2,-3,63,1,fault,010716050d031201,010716050d001000,3,5;6;7
875,2,-3,63,1,normal,010716050d031201,010716050d031201,0,
876,2,-3,63,1,normal,010716050d031201,010716050d031201,0,
877,2,-3,63,1,normal,010716050d031201,010716050d031201,0,
878,2,-3,63,1,no_response,010716050d031201,,0,
879,2,-3,63,1,normal,010716050d031201,010716050d031201,0,
880,2,-3,63,1,normal,010716050d031201,010716050d031201,0,
881,2,-3,63,1,fault,010716050d031201,0107160509081808,4,4;5;6;7
882,2,-3,63,1,normal,010716050d031201,010716050d031201,0,
883,2,-3,63,1,fault,010716050d031201,010716050d001000,3,5;6;7
884,2,-3,63,1,normal,010716050d031201,010716050d031201,0,
885,2,-3,63,1,fault,010716050d031201,010716050d001000,3,5;6;7
886,2,-3,63,1,normal,010716050d031201,010716050d031201,0,
887,2,-3,63,1,normal,010716050d031201,010716050d031201,0,
888,2,-3,63,1,normal,010716050d031201,010716050d031201,0,
889,2,-3,63,1,normal,010716050d031201,010716050d031201,0,
890,2,-3,63,1,fault,010716050d031201,010716050d001000,3,5;6;7
891,2,-3,63,1,normal,010716050d031201,010716050d031201,0,
892,2,-3,63,1,normal,010716050d031201,010716050d031201,0,
893,2,-3,63,1,fault,010716050d031201,010716050d001000,3,5;6;7
894,2,-3,63,1,fault,010716050d031201,010716050d001000,3,5;6;7
895,2,-3,63,1,no_response,010716050d031201,,0,
896,2,-3,63,1,normal,010716050d031201,010716050d031201,0,
897,2,-3,63,1,fault,010716050d031201,010716050d001000,3,5;6;7
898,2,-3,63,1,normal,010716050d031201,010716050d031201,0,
899,2,-3,63,1,normal,010716050d031201,010716050d031201,0,
900,2,-3,63,1,normal,010716050d031201,010716050d031201,0,
901,2,-3,63,1,normal,010716050d031201,010716050d031201,0,
902,2,-3,63,1,normal,010716050d031201,010716050d031201,0,
903,2,-3,63,1,fault,010716050d031201,0107160509081808,4,4;5;6;7
904,2,-3,63,1,normal,010716050d031201,010716050d031201,0,
905,2,-3,63,1,normal,010716050d031201,010716050d031201,0,
906,2,-3,63,1,normal,010716050d031201,010716050d031201,0,
907,2,-3,63,1,normal,010716050d031201,010716050d031201,0,
908,2,-3,63,1,normal,010716050d031201,010716050d031201,0,
909,2,-3,63,1,fault,010716050d031201,010716050d001000,3,5;6;7
910,2,-3,63,1,normal,010716050d031201,010716050d031201,0,
911,2,-3,63,1,normal,010716050d031201,010716050d031201,0,
912,2,-3,63,1,no_response,010716050d031201,,0,
913,2,-3,63,1,no_response,010716050d031201,,0,
914,2,-3,63,1,normal,010716050d031201,010716050d031201,0,
915,2,-3,63,1,normal,010716050d031201,010716050d031201,0,
916,2,-3,63,1,normal,010716050d031201,010716050d031201,0,
917,2,-3,63,1,normal,010716050d031201,010716050d031201,0,
918,2,-3,63,1,normal,010716050d031201,010716050d031201,0,
919,2,-3,63,1,normal,010716050d031201,010716050d031201,0,
920,2,-3,63,1,normal,010716050d031201,010716050d031201,0,
921,2,-3,63,1,normal,010716050d031201,010716050d031201,0,
922,2,-3,63,1,normal,010716050d031201,010716050d031201,0,
923,2,-3,63,1,normal,010716050d031201,010716050d031201,0,
924,2,-3,63,1,no_response,010716050d031201,,0,
925,2,-3,63,1,normal,010716050d031201,010716050d031201,0,
926,2,-3,63,1,fault,010716050d031201,0107160509081808,4,4;5;6;7
927,2,-3,63,1,normal,010716050d031201,010716050d031201,0,
928,2,-3,63,1,fault,010716050d031201,0107160509081808,4,4;5;6;7
929,2,-3,63,1,normal,010716050d031201,010716050d031201,0,
930,2,-3,63,1,no_response,010716050d031201,,0,
931,2,-3,63,1,normal,010716050d031201,010716050d031201,0,
932,2,-3,63,1,normal,010716050d031201,010716050d031201,0,
933,2,-3,63,1,normal,010716050d031201,010716050d031201,0,
934,2,-3,63,1,normal,010716050d031201,010716050d031201,0,
935,2,-3,63,1,fault,010716050d031201,010716050d001000,3,5;6;7
936,2,-3,63,1,fault,010716050d031201,010716050d001000,3,5;6;7
937,2,-3,63,1,normal,010716050d031201,010716050d031201,0,
938,2,-3,63,1,normal,010716050d031201,010716050d031201,0,
939,2,-3,63,1,normal,010716050d031201,010716050d031201,0,
940,2,-3,63,1,fault,010716050d031201,010716050d001000,3,5;6;7
941,2,-3,63,1,normal,010716050d031201,010716050d031201,0,
942,2,-3,63,1,normal,010716050d031201,010716050d031201,0,
943,2,-3,63,1,normal,010716050d031201,010716050d031201,0,
944,2,-3,63,1,normal,010716050d031201,010716050d031201,0,
945,2,-3,63,1,normal,010716050d031201,010716050d031201,0,
946,2,-3,63,1,fault,010716050d031201,010716050d001000,3,5;6;7
947,2,-3,63,1,no_response,010716050d031201,,0,
948,2,-3,63,1,fault,010716050d031201,010716050d001000,3,5;6;7
949,2,-3,63,1,fault,010716050d031201,010716050d001000,3,5;6;7
950,2,-3,63,1,no_response,010716050d031201,,0,
951,2,-3,63,1,normal,010716050d031201,010716050d031201,0,
952,2,-3,63,1,normal,010716050d031201,010716050d031201,0,
953,2,-3,63,1,no_response,010716050d031201,,0,
954,2,-3,63,1,normal,010716050d031201,010716050d031201,0,
955,2,-3,63,1,normal,010716050d031201,010716050d031201,0,
956,2,-3,63,1,normal,010716050d031201,010716050d031201,0,
957,2,-3,63,1,normal,010716050d031201,010716050d031201,0,
958,2,-3,63,1,normal,010716050d031201,010716050d031201,0,
959,2,-3,63,1,no_response,010716050d031201,,0,
960,2,-3,63,1,normal,010716050d031201,010716050d031201,0,
961,2,-3,63,1,normal,010716050d031201,010716050d031201,0,
962,2,-3,63,1,normal,010716050d031201,010716050d031201,0,
963,2,-3,63,1,fault,010716050d031201,010716050d001000,3,5;6;7
964,2,-3,63,1,normal,010716050d031201,010716050d031201,0,
965,2,-3,63,1,normal,010716050d031201,010716050d031201,0,
966,2,-3,63,1,normal,010716050d031201,010716050d031201,0,
967,2,-3,63,1,normal,010716050d031201,010716050d031201,0,
968,2,-3,63,1,no_response,010716050d031201,,0,
969,2,-3,63,1,fault,010716050d031201,010716050d001000,3,5;6;7
970,2,-3,63,1,normal,010716050d031201,010716050d031201,0,
971,2,-3,63,1,normal,010716050d031201,010716050d031201,0,
972,2,-3,63,1,normal,010716050d031201,010716050d031201,0,
973,2,-3,63,1,normal,010716050d031201,010716050d031201,0,
974,2,-3,63,1,fault,010716050d031201,01071605090b1a09,4,4;5;6;7
975,2,-3,63,1,normal,010716050d031201,010716050d031201,0,
976,2,-3,63,1,fault,010716050d031201,010716050d001000,3,5;6;7
977,2,-3,63,1,normal,010716050d031201,010716050d031201,0,
978,2,-3,63,1,fault,010716050d031201,010716050d001000,3,5;6;7
979,2,-3,63,1,normal,010716050d031201,010716050d031201,0,
980,2,-3,63,1,normal,010716050d031201,010716050d031201,0,
981,2,-3,63,1,normal,010716050d031201,010716050d031201,0,
982,2,-3,63,1,fault,010716050d031201,0107160509081808,4,4;5;6;7
983,2,-3,63,1,normal,010716050d031201,010716050d031201,0,
984,2,-3,63,1,normal,010716050d031201,010716050d031201,0,
985,2,-3,63,1,normal,010716050d031201,010716050d031201,0,
986,2,-3,63,1,normal,010716050d031201,010716050d031201,0,
987,2,-3,63,1,normal,010716050d031201,010716050d031201,0,
988,2,-3,63,1,fault,010716050d031201,010716050d001000,3,5;6;7
989,2,-3,63,1,normal,010716050d031201,010716050d031201,0,
990,2,-3,63,1,no_response,010716050d031201,,0,
991,2,-3,63,1,normal,010716050d031201,010716050d031201,0,
992,2,-3,63,1,normal,010716050d031201,010716050d031201,0,
993,2,-3,63,1,normal,010716050d031201,010716050d031201,0,
994,2,-3,63,1,normal,010716050d031201,010716050d031201,0,
995,2,-3,63,1,fault,010716050d031201,010716050d001000,3,5;6;7
996,2,-3,63,1,normal,010716050d031201,010716050d031201,0,
997,2,-3,63,1,normal,010716050d031201,010716050d031201,0,
998,2,-3,63,1,normal,010716050d031201,010716050d031201,0,
999,2,-3,63,1,normal,010716050d031201,010716050d031201,0,
1000,2,-3,63,1,fault,010716050d031201,010716050d001000,3,5;6;7
