global_trial,setting_trial,width,offset,ext_offset,repeat,status,model_match,randomness_word_hex,randomness_bytes_hex,input_packet_hex,input_w0,input_w1,input_w2,input_w3,expected_hw_output,expected_sw_output,glitched_output,expected_fault_model_output,fault_byte_count,fault_byte_positions_0_indexed,xor_diffs_hex,expected_z0,expected_z1,glitched_z0,glitched_z1,model_fault_z0,model_fault_z1
1,1,-12,12,64,1,normal,normal_no_fault,0xfd2e9629,29962efd,140fbeaf399159ce9cdcfd688f42aee0,0xafbe0f14,0xce599139,0x68fddc9c,0xe0ae428f,2096263d2108653d,2096263d2108653d,2096263d2108653d,2096263d3d9a92d5,0,,,0x3d269620,0x3d650821,0x3d269620,0x3d650821,0x3d269620,0xd5929a3d
2,2,-12,12,64,1,normal,normal_no_fault,0xcf774542,424577cf,72fc403a144a2fe231b552f4ca60c710,0x3a40fc72,0xe22f4a14,0xf452b531,0x10c760ca,420570cf2091750f,420570cf2091750f,420570cf2091750f,420570cf72f137ff,0,,,0xcf700542,0x0f759120,0xcf700542,0x0f759120,0xcf700542,0xff37f172
3,3,-12,12,64,1,normal,normal_no_fault,0x17544c16,164c5417,38b8f9ed5e6d5b072145906f16c9f9a3,0xedf9b838,0x075b6d5e,0x6f904521,0xa3f9c916,00050d1426812ddc,00050d1426812ddc,00050d1426812ddc,00050d14364cc47a,0,,,0x140d0500,0xdc2d8126,0x140d0500,0xdc2d8126,0x140d0500,0x7ac44c36
4,4,-12,12,64,1,normal,normal_no_fault,0x583811cc,cc113858,81cd785db0f1a71e0809135baee11492,0x5d78cd81,0x1ea7f1b0,0x5b130908,0x9214e1ae,6cf03c4a4cd83b0b,6cf03c4a4cd83b0b,6cf03c4a4cd83b0b,6cf03c4acc182801,0,,,0x4a3cf06c,0x0b3bd84c,0x4a3cf06c,0x0b3bd84c,0x4a3cf06c,0x012818cc
5,5,-12,12,64,1,normal,normal_no_fault,0xa79ffcbe,befc9fa7,c9595b05ed35ab635347288cfcda0c35,0x055b59c9,0x63ab35ed,0x8c284753,0x350cdafc,52ec978676e0b7a6,52ec978676e0b7a6,52ec978676e0b7a6,52ec9786ffbd97a3,0,,,0x8697ec52,0xa6b7e076,0x8697ec52,0xa6b7e076,0x8697ec52,0xa397bdff
6,6,-12,12,64,1,normal,normal_no_fault,0x6fea0c1a,1a0cea6f,3dbedf0992f16aef19825de75ec229ee,0x09dfbe3d,0xef6af192,0xe75d8219,0xee29c25e,08ccc2810f8cf681,08ccc2810f8cf681,08ccc2810f8cf681,08ccc281038eb76e,0,,,0x81c2cc08,0x81f68c0f,0x81c2cc08,0x81f68c0f,0x81c2cc08,0x6eb78e03
7,7,-12,12,64,1,normal,normal_no_fault,0x536a3f7f,7f3f6a53,5aad4da9612f361f089d949af5a5bde9,0xa94dad5a,0x1f362f61,0x9a949d08,0xe9bda5f5,1e1a5e5a271a7768,1e1a5e5a271a7768,1e1a5e5a271a7768,1e1a5e5a77b26edb,0,,,0x5a5e1a1e,0x68771a27,0x5a5e1a1e,0x68771a27,0x5a5e1a1e,0xdb6eb277
8,8,-12,12,64,1,normal,normal_no_fault,0xe37f05d9,d9057fe3,3851afbeec3313731ea1aec0cb610d4c,0xbeaf5138,0x731333ec,0xc0aea11e,0x4c0d61cb,11247ea3c564de2f,11247ea3c564de2f,11247ea3c564de2f,11247ea3c104d163,0,,,0xa37e2411,0x2fde64c5,0xa37e2411,0x2fde64c5,0xa37e2411,0x63d104c1
9,9,-12,12,64,1,normal,normal_no_fault,0x6e916cf3,f36c916e,94ec6fb510d60976de54d37d6d410ee5,0xb56fec94,0x7609d610,0x7dd354de,0xe50e416d,f32c990a733cdd8a,f32c990a733cdd8a,f32c990a733cdd8a,f32c990a6728d25b,0,,,0x0a992cf3,0x8add3c73,0x0a992cf3,0x8add3c73,0x0a992cf3,0x5bd22867
10,10,-12,12,64,1,normal,normal_no_fault,0x555b1009,09105b55,59db6518addb24dba8f282ed9da0f8da,0x1865db59,0xdb24dbad,0xed82f2a8,0xdaf8a09d,84907b8fb0903b8c,84907b8fb0903b8c,84907b8fb0903b8c,84907b8f01c25b5d,0,,,0x8f7b9084,0x8c3b90b0,0x8f7b9084,0x8c3b90b0,0x8f7b9084,0x5d5bc201
11,11,-12,12,64,1,normal,normal_no_fault,0x0e644776,7647640e,5b19611230994733d731928f69dfb43c,0x1261195b,0x33479930,0x8f9231d7,0x3cb4df69,56de603e7c5e461f,56de603e7c5e461f,56de603e7c5e461f,56de603e2556640c,0,,,0x3e60de56,0x1f465e7c,0x3e60de56,0x1f465e7c,0x3e60de56,0x0c645625
12,12,-12,12,64,1,normal,normal_no_fault,0xec509882,829850ec,284fcead48d70613ba1d54337eea3530,0xadce4f28,0x1306d748,0x33541dba,0x3035ea7e,ca5a54fc8aca14fe,ca5a54fc8aca14fe,ca5a54fc8aca14fe,ca5a54fcaa9514cd,0,,,0xfc545aca,0xfe14ca8a,0xfc545aca,0xfe14ca8a,0xfc545aca,0xcd1495aa
13,13,-12,12,64,1,normal,normal_no_fault,0x8da94eee,ee4ea98d,b4ee74d9f20c901b0dfbf336cdc5bedf,0xd974eeb4,0x1b900cf2,0x36f3fb0d,0xdfbec5cd,2e4a39966e687d56,2e4a39966e687d56,2e4a39966e687d56,2e4a3996eaa4d99d,0,,,0x96394a2e,0x567d686e,0x96394a2e,0x567d686e,0x96394a2e,0x9dd9a4ea
14,14,-12,12,64,1,normal,normal_no_fault,0x0dc4c7d2,d2c7c40d,f88bcf0b239755291d7756b9ce63ecc8,0x0bcf8bf8,0x29559723,0xb956771d,0xc8ec63ce,d0c4800503d01a25,d0c4800503d01a25,d0c4800503d01a25,d0c48005cac48204,0,,,0x0580c4d0,0x251ad003,0x0580c4d0,0x251ad003,0x0580c4d0,0x0482c4ca
15,15,-12,12,64,1,normal,normal_no_fault,0xa2c60f68,680fc6a2,b88882a686b2c528b13c7bf4f8b27f63,0xa68288b8,0x28c5b286,0xf47b3cb1,0x637fb2f8,e8bd8382e0b78704,e8bd8382e0b78704,e8bd8382e0b78704,e8bd8382d807c406,0,,,0x8283bde8,0x0487b7e0,0x8283bde8,0x0487b7e0,0x8283bde8,0x06c407d8
16,16,-12,12,64,1,normal,normal_no_fault,0xfc81d166,66d181fc,a252af96a4dca276f49b9cd601d8f488,0x96af52a2,0x76a2dca4,0xd69c9bf4,0x88f4d801,660921fc620b29bc,660921fc620b29bc,660921fc620b29bc,660921fcc6c30d6a,0,,,0xfc210966,0xbc290b62,0xfc210966,0xbc290b62,0xfc210966,0x6a0dc3c6
17,17,-12,12,64,1,normal,normal_no_fault,0x8144e710,10e74481,08cf7eb8fb7a99f412ec813d5538418e,0xb87ecf08,0xf4997afb,0x3d81ec12,0x8e413855,41df4505024b8505,41df4505024b8505,41df4505024b8505,41df4505102b44b9,0,,,0x0545df41,0x05854b02,0x0545df41,0x05854b02,0x0545df41,0xb9442b10
18,18,-12,12,64,1,normal,normal_no_fault,0xfab84955,5549b8fa,60ce643bbc1aacf7fbaf6c659b85b0f4,0x3b64ce60,0xf7ac1abc,0x656caffb,0xf4b0859b,cd49180e8d49d08e,cd49180e8d49d08e,cd49180e8d49d08e,cd49180e35c7dcdb,0,,,0x0e1849cd,0x8ed0498d,0x0e1849cd,0x8ed0498d,0x0e1849cd,0xdbdcc735
19,19,-12,12,64,1,normal,normal_no_fault,0x4fb5f868,68f8b54f,e63917b518bb94fe5390b1d59d821f9c,0xb51739e6,0xfe94bb18,0xd5b19053,0x9c1f829d,707aa1d3be78239a,707aa1d3be78239a,707aa1d3be78239a,707aa1d32ae8a4da,0,,,0xd3a17a70,0x9a2378be,0xd3a17a70,0x9a2378be,0xd3a17a70,0xdaa4e82a
20,20,-12,12,64,1,normal,normal_no_fault,0x80b0b1ca,cab1b080,eac8ac91b5b412b6802f0a0bad75ef6c,0x91acc8ea,0xb612b4b5,0x0b0a2f80,0x6cef75ad,6f85b2a462dd1683,6f85b2a462dd1683,6f85b2a462dd1683,6f85b2a44ab9b881,0,,,0xa4b2856f,0x8316dd62,0xa4b2856f,0x8316dd62,0xa4b2856f,0x81b8b94a
21,21,-12,12,64,1,normal,normal_no_fault,0x8fd71be8,e81bd78f,d7f68277c5e45055d6759e219b3a1b3f,0x7782f6d7,0x5550e4c5,0x219e75d6,0x3f1b3a9b,693bc79a69394798,693bc79a69394798,693bc79a69394798,693bc79a3e6f55ae,0,,,0x9ac73b69,0x98473969,0x9ac73b69,0x98473969,0x9ac73b69,0xae556f3e
22,22,-12,12,64,1,normal,normal_no_fault,0xe65354e2,e25453e6,73d0ddd2b88def1b1e1bf2f2f4478941,0xd2ddd073,0x1bef8db8,0xf2f21b1e,0x418947f4,5251dae7980de866,5251dae7980de866,5251dae7980de866,5251dae7f0448334,0,,,0xe7da5152,0x66e80d98,0xe7da5152,0x66e80d98,0xe7da5152,0x348344f0
23,23,-12,12,64,1,normal,normal_no_fault,0xd50c0a4b,4b0a0cd5,4b2e4e5a5cef64dfcf1f8e4707713c81,0x5a4e2e4b,0xdf64ef5c,0x478e1fcf,0x813c7107,4f6b28544f2b0ad0,4f6b28544f2b0ad0,4f6b28544f2b0ad0,4f6b285400040297,0,,,0x54286b4f,0xd00a2b4f,0x54286b4f,0xd00a2b4f,0x54286b4f,0x97020400
24,24,-12,12,64,1,normal,normal_no_fault,0x31d3fc5a,5afcd331,b7f6cf0586fdf2a2375cf47770a02804,0x05cff6b7,0xa2f2fd86,0x77f45c37,0x0428a070,5a5cf3315b54ef12,5a5cf3315b54ef12,5a5cf3315b54ef12,5a5cf3316da81734,0,,,0x31f35c5a,0x12ef545b,0x31f35c5a,0x12ef545b,0x31f35c5a,0x3417a86d
25,25,-12,12,64,1,normal,normal_no_fault,0x6cf60a29,290af66c,538d446f30cf9c3aed1725fe129011cc,0x6f448d53,0x3a9ccf30,0xfe2517ed,0xcc119012,398ae6645a88f674,398ae6645a88f674,398ae6645a88f674,398ae664680ff202,0,,,0x64e68a39,0x74f6885a,0x64e68a39,0x74f6885a,0x64e68a39,0x02f20f68
26,26,-12,12,64,1,normal,normal_no_fault,0xd03ffaa5,a5fa3fd0,069273e90f1e7d4439a3651f05b11bef,0xe9739206,0x447d1e0f,0x1f65a339,0xef1bb105,a0ea2694a8ea2834,a0ea2694a8ea2834,a0ea2694a8ea2834,a0ea2694a5785ed9,0,,,0x9426eaa0,0x3428eaa8,0x9426eaa0,0x3428eaa8,0x9426eaa0,0xd95e78a5
27,27,-12,12,64,1,normal,normal_no_fault,0x8bc5bbe2,e2bbc58b,66d0b5195ba5b5d977a0fd8a95b5a312,0x19b5d066,0xd9b5a55b,0x8afda077,0x12a3b595,f31e649bd30b641b,f31e649bd30b641b,f31e649bd30b641b,f31e649b843b7083,0,,,0x9b641ef3,0x1b640bd3,0x9b641ef3,0x1b640bd3,0x9b641ef3,0x83703b84
28,28,-12,12,64,1,normal,normal_no_fault,0xe4a1870e,0e87a1e4,26494f417feb1a5ec3bf12bdcce5d893,0x414f4926,0x5e1aeb7f,0xbd12bfc3,0x93d8e5cc,4266b9f64b64f9f8,4266b9f64b64f9f8,4266b9f64b64f9f8,4266b9f60c8ea3e5,0,,,0xf6b96642,0xf8f9644b,0xf6b96642,0xf8f9644b,0xf6b96642,0xe5a38e0c
29,29,-12,12,64,1,normal,normal_no_fault,0x0310b945,45b91003,5e222149771b4d4ca00937b30432de3b,0x4921225e,0x4c4d1b77,0xb33709a0,0x3bde3204,41ab5c0b6192340b,41ab5c0b6192340b,41ab5c0b6192340b,41ab5c0b45b93102,0,,,0x0b5cab41,0x0b349261,0x0b5cab41,0x0b349261,0x0b5cab41,0x0231b945
30,30,-12,12,64,1,normal,normal_no_fault,0x43ec978c,8c97ec43,d21f6d36a6fed8ce38636596cacaad2e,0x366d1fd2,0xced8fea6,0x96656338,0x2eadcaca,0e5d644d7efce4f5,0e5d644d7efce4f5,0e5d644d7efce4f5,0e5d644d9c948955,0,,,0x4d645d0e,0xf5e4fc7e,0x4d645d0e,0xf5e4fc7e,0x4d645d0e,0x5589949c
31,31,-12,12,64,1,normal,normal_no_fault,0xce2cdb65,65db2cce,fcd6b3d964831ff73e42aad06634965a,0xd9b3d6fc,0xf71f8364,0xd0aa423e,0x5a963466,01db3a9c198f1696,01db3a9c198f1696,01db3a9c198f1696,01db3a9c59998e1e,0,,,0x9c3adb01,0x96168f19,0x9c3adb01,0x96168f19,0x9c3adb01,0x1e8e9959
32,32,-12,12,64,1,normal,normal_no_fault,0xa7c3dd85,85ddc3a7,b3e8ed6127fe791dc889797b36afb071,0x61ede8b3,0x1d79fe27,0x7b7989c8,0x71b0af36,a373f3b6377573be,a373f3b6377573be,a373f3b6377573be,a373f3b60555aac6,0,,,0xb6f373a3,0xbe737537,0xb6f373a3,0xbe737537,0xb6f373a3,0xc6aa5505
33,33,-12,12,64,1,normal,normal_no_fault,0xd48e6c56,566c8ed4,2581f51a7f2ce5f2de485562b3f70d9d,0x1af58125,0xf2e52c7f,0x625548de,0x9d0df7b3,65488b442de59bac,65488b442de59bac,65488b442de59bac,65488b44526cdbd6,0,,,0x448b4865,0xac9be52d,0x448b4865,0xac9be52d,0x448b4865,0xd6db6c52
34,34,-12,12,64,1,normal,normal_no_fault,0x4806c7ee,eec70648,640e95a0c2579563a79f4c9409ab9f91,0xa0950e64,0x639557c2,0x944c9fa7,0x919fab09,eec4934948d49348,eec4934948d49348,eec4934948d49348,eec49349cac902c8,0,,,0x4993c4ee,0x4893d448,0x4993c4ee,0x4893d448,0x4993c4ee,0xc802c9ca
35,35,-12,12,64,1,normal,normal_no_fault,0x70cf905f,5f90cf70,c61fdde94df0c7c7f98bde820e200a23,0xe9dd1fc6,0xc7c7f04d,0x82de8bf9,0x230a200e,53b0cd73d01bdd53,53b0cd73d01bdd53,53b0cd73d01bdd53,53b0cd739f9b13f0,0,,,0x73cdb053,0x53dd1bd0,0x73cdb053,0x53dd1bd0,0x73cdb053,0xf0139b9f
36,36,-12,12,64,1,normal,normal_no_fault,0x64f9d1fb,fbd1f964,8578d018eb6d5771ed64476adbb3bf00,0x18d07885,0x71576deb,0x6a4764ed,0x00bfb3db,30f0ee6416e56e0c,30f0ee6416e56e0c,30f0ee6416e56e0c,30f0ee647eb1b96c,0,,,0x64eef030,0x0c6ee516,0x64eef030,0x0c6ee516,0x64eef030,0x6cb9b17e
37,37,-12,12,64,1,normal,normal_no_fault,0x922d0d99,990d2d92,78a747eea9942d45ee3767200f2e1e3b,0xee47a778,0x452d94a9,0x206737ee,0x3b1e2e0f,9009219351184998,9009219351184998,9009219351184998,90092193f12a6ab2,0,,,0x93210990,0x98491851,0x93210990,0x98491851,0x93210990,0xb26a2af1
38,38,-12,12,64,1,normal,normal_no_fault,0x7fd78d5e,5e8dd77f,fef60afc8b61f5c9c21109a3aa26cc6a,0xfc0af6fe,0xc9f5618b,0xa30911c2,0x6acc26aa,d4ad1337b4bad636,d4ad1337b4bad636,d4ad1337b4bad636,d4ad13379c9ddfdf,0,,,0x3713add4,0x36d6bab4,0x3713add4,0x36d6bab4,0x3713add4,0xdfdf9d9c
39,39,-12,12,64,1,normal,normal_no_fault,0x8a7220b9,b920728a,5b6d5226fc6b17b0e54a26099c507218,0x26526d5b,0xb0176bfc,0x09264ae5,0x1872509c,2560609a0462248a,2560609a0462248a,2560609a0462248a,2560609af868708a,0,,,0x9a606025,0x8a246204,0x9a606025,0x8a246204,0x9a606025,0x8a7068f8
40,40,-12,12,64,1,normal,normal_no_fault,0xcb74f71a,1af774cb,72d23083cbe991965030eb1a7feac530,0x8330d272,0x9691e9cb,0x1aeb3050,0x30c5ea7f,511ff5db7805d5db,511ff5db7805d5db,511ff5db7805d5db,511ff5db4ae754c9,0,,,0xdbf51f51,0xdbd50578,0xdbf51f51,0xdbd50578,0xdbf51f51,0xc954e74a
41,41,-12,12,64,1,normal,normal_no_fault,0xac997edd,dd7e99ac,c6c7c94762e40af51c5994a4e843a79b,0x47c9c7c6,0xf50ae462,0xa494591c,0x9ba743e8,bd3e9b3d193c980f,bd3e9b3d193c980f,bd3e9b3d193c980f,bd3e9b3dd93f19a8,0,,,0x3d9b3ebd,0x0f983c19,0x3d9b3ebd,0x0f983c19,0x3d9b3ebd,0xa8193fd9
42,42,-12,12,64,1,normal,normal_no_fault,0xa5ce082d,2d08cea5,b577fcff97e782e9361263a810d03719,0xfffc77b5,0xe982e797,0xa8631236,0x1937d010,3dc8ccac1f4898bc,3dc8ccac1f4898bc,3dc8ccac1f4898bc,3dc8ccac191aae0d,0,,,0xacccc83d,0xbc98481f,0xacccc83d,0xbc98481f,0xacccc83d,0x0dae1a19
43,43,-12,12,64,1,normal,normal_no_fault,0x6bc58f88,888fc56b,09f5853e56f7f35cbf5826242721d219,0x3e85f509,0x5cf3f756,0x242658bf,0x19d22127,8eae177396ae6353,8eae177396ae6353,8eae177396ae6353,8eae177381dfc14f,0,,,0x7317ae8e,0x5363ae96,0x7317ae8e,0x5363ae96,0x7317ae8e,0x4fc1df81
44,44,-12,12,64,1,normal,normal_no_fault,0x49426ee3,e36e4249,432b5c113f3f048b43f9ea8ac2892726,0x115c2b43,0x8b043f3f,0x8aeaf943,0x262789c2,e167464be1770ec3,e167464be1770ec3,e167464be1770ec3,e167464ba0470a49,0,,,0x4b4667e1,0xc30e77e1,0x4b4667e1,0xc30e77e1,0x4b4667e1,0x490a47a0
45,45,-12,12,64,1,normal,normal_no_fault,0x980a6301,01630a98,1c044623d782ffe3a5ea24597b42c93f,0x2346041c,0xe3ff82d7,0x5924eaa5,0x3fc9427b,5261c3bb98e16afb,5261c3bb98e16afb,5261c3bb98e16afb,5261c3bb05630e99,0,,,0xbbc36152,0xfb6ae198,0xbbc36152,0xfb6ae198,0xbbc36152,0x990e6305
46,46,-12,12,64,1,normal,normal_no_fault,0x31506377,77635031,2bc516ea4312893de4eeb62ab82964d3,0xea16c52b,0x3d891243,0x2ab6eee4,0xd36429b8,776350203fa4c2f1,776350203fa4c2f1,776350203fa4c2f1,7763502057a7461b,0,,,0x20506377,0xf1c2a43f,0x20506377,0xf1c2a43f,0x20506377,0x1b46a757
47,47,-12,12,64,1,normal,normal_no_fault,0x3b5a182d,2d185a3b,8131f36bbc8741a7d263e3ef40f94b7e,0x6bf33181,0xa74187bc,0xefe363d2,0x7e4bf940,2d991b1d3d0bbb9d,2d991b1d3d0bbb9d,2d991b1d3d0bbb9d,2d991b1dad39b950,0,,,0x1d1b992d,0x9dbb0b3d,0x1d1b992d,0x9dbb0b3d,0x1d1b992d,0x50b939ad
48,48,-12,12,64,1,normal,normal_no_fault,0xb800ac03,03ac00b8,45b8f6234791c7d840f7e65cdc569804,0x23f6b845,0xd8c79147,0x5ce6f740,0x049856dc,47bc80b8479db0e0,47bc80b8479db0e0,47bc80b8479db0e0,47bc80b8431ce6b8,0,,,0xb880bc47,0xe0b09d47,0xb880bc47,0xe0b09d47,0xb880bc47,0xb8e61c43
49,49,-12,12,64,1,normal,normal_no_fault,0x09c50782,8207c509,d27cc5b488da658b1fc726fa365f1ac7,0xb4c57cd2,0x8b65da88,0xfa26c71f,0xc71a5f36,825dc58a8adde5b7,825dc58a8adde5b7,825dc58a8adde5b7,825dc58a9043c1b9,0,,,0x8ac55d82,0xb7e5dd8a,0x8ac55d82,0xb7e5dd8a,0x8ac55d82,0xb9c14390
50,50,-12,12,64,1,normal,normal_no_fault,0xcb36411d,1d4136cb,ce1b10b5d1188a3e9b5fd5ab4d761c6e,0xb5101bce,0x3e8a18d1,0xabd55f9b,0x6e1c764d,5c513ee54a50b664,5c513ee54a50b664,5c513ee54a50b664,5c513ee5975a266a,0,,,0xe53e515c,0x64b6504a,0xe53e515c,0x64b6504a,0xe53e515c,0x6a265a97
51,51,-12,12,64,1,normal,normal_no_fault,0x9f6ea959,59a96e9f,9a26bf406ff5b202512e8b4e0643a5e6,0x40bf269a,0x02b2f56f,0x4e8b2e51,0xe6a54306,5fe8ce9d0aa9c29d,5fe8ce9d0aa9c29d,5fe8ce9d0aa9c29d,5fe8ce9d498fe5df,0,,,0x9dcee85f,0x9dc2a90a,0x9dcee85f,0x9dc2a90a,0x9dcee85f,0xdfe58f49
52,52,-12,12,64,1,normal,normal_no_fault,0xf87c6d63,636d7cf8,90b7ad10f2d84b9c40f4b0fa7a6e717e,0x10adb790,0x9c4bd8f2,0xfab0f440,0x7e716e7a,11253de4332ffd60,11253de4332ffd60,11253de4332ffd60,11253de463d9dce8,0,,,0xe43d2511,0x60fd2f33,0xe43d2511,0x60fd2f33,0xe43d2511,0xe8dcd963
53,53,-12,12,64,1,normal,normal_no_fault,0x634e510a,0a514e63,845458dd15f8fc51a3230d545ac9f633,0xdd585484,0x51fcf815,0x540d23a3,0x33f6c95a,1a99ba728b311a76,1a99ba728b311a76,1a99ba728b311a76,1a99ba728a514637,0,,,0x72ba991a,0x761a318b,0x72ba991a,0x761a318b,0x72ba991a,0x3746518a
54,54,-12,12,64,1,normal,normal_no_fault,0x0faf9408,0894af0f,24ead868a18cd8df53e3c55623c6d6dd,0x68d8ea24,0xdfd88ca1,0x56c5e353,0xddd6c623,29107fd229347f51,29107fd229347f51,29107fd229347f51,29107fd208766f4f,0,,,0xd27f1029,0x517f3429,0xd27f1029,0x517f3429,0xd27f1029,0x4f6f7608
55,55,-12,12,64,1,normal,normal_no_fault,0x5e4cd37b,7bd34c5e,b03df48242420337f2c7181fb962cad9,0x82f43db0,0x37034242,0x1f18c7f2,0xd9ca62b9,7b914e4f39b49ccb,7b914e4f39b49ccb,7b914e4f39b49ccb,7b914e4fcbd65c5c,0,,,0x4f4e917b,0xcb9cb439,0x4f4e917b,0xcb9cb439,0x4f4e917b,0x5c5cd6cb
56,56,-12,12,64,1,normal,normal_no_fault,0xe9357926,267935e9,a4f94da4d7b7bf9139dd12c61e22975e,0xa44df9a4,0x91bfb7d7,0xc612dd39,0x5e97221e,305ba2f9131522e9,305ba2f9131522e9,305ba2f9131522e9,305ba2f906a0356d,0,,,0xf9a25b30,0xe9221513,0xf9a25b30,0xe9221513,0xf9a25b30,0x6d35a006
57,57,-12,12,64,1,normal,normal_no_fault,0x54e18917,1789e154,2aded594c7b6bf2df0f6b160c0b32384,0x94d5de2a,0x2dbfb6c7,0x60b1f6f0,0x8423b3c0,d73bc250f77bc0f0,d73bc250f77bc0f0,d73bc250f77bc0f0,d73bc250375f7054,0,,,0x50c23bd7,0xf0c07bf7,0x50c23bd7,0xf0c07bf7,0x50c23bd7,0x54705f37
58,58,-12,12,64,1,normal,normal_no_fault,0xa3809f53,539f80a3,cd697928e0eee9c2475f2854658c6ea3,0x287969cd,0xc2e9eee0,0x54285f47,0xa36e8c65,3313e8211390e8c3,3313e8211390e8c3,3313e8211390e8c3,3313e82116d6a8a3,0,,,0x21e81333,0xc3e89013,0x21e81333,0xc3e89013,0x21e81333,0xa3a8d616
59,59,-12,12,64,1,normal,normal_no_fault,0xb0fe6418,1864feb0,a990cd4465bcfe5687106271ec2ec42b,0x44cd90a9,0x56febc65,0x71621087,0x2bc42eec,7c483ab2346418a0,7c483ab2346418a0,7c483ab2346418a0,7c483ab29974bef0,0,,,0xb23a487c,0xa0186434,0xb23a487c,0xa0186434,0xb23a487c,0xf0be7499
60,60,-12,12,64,1,normal,normal_no_fault,0x2b495f8d,8d5f492b,6ea420e71a47a333297821d11f52cdfb,0xe720a46e,0x33a3471a,0xd1217829,0xfbcd521f,971dc818a33f4818,971dc818a33f4818,971dc818a33f4818,971dc818a57f69ea,0,,,0x18c81d97,0x18483fa3,0x18c81d97,0x18483fa3,0x18c81d97,0xea697fa5
61,61,-12,12,64,1,normal,normal_no_fault,0x3b5b93e6,e6935b3b,52ae193f4e407a4c9dec9b684e4655a7,0x3f19ae52,0x4c7a404e,0x689bec9d,0xa755464e,a8d30b3fb879497c,a8d30b3fb879497c,a8d30b3fb879497c,a8d30b3ff63f4213,0,,,0x3f0bd3a8,0x7c4979b8,0x3f0bd3a8,0x7c4979b8,0x3f0bd3a8,0x13423ff6
62,62,-12,12,64,1,normal,normal_no_fault,0x2bad115b,5b11ad2b,c38cf8d2365c6e343ef1669d1f2c171a,0xd2f88cc3,0x346e5c36,0x9d66f13e,0x1a172c1f,4d1dab3b6ccdbbbd,4d1dab3b6ccdbbbd,4d1dab3b6ccdbbbd,4d1dab3b5991cdbb,0,,,0x3bab1d4d,0xbdbbcd6c,0x3bab1d4d,0xbdbbcd6c,0x3bab1d4d,0xbbcd9159
63,63,-12,12,64,1,normal,normal_no_fault,0x9346f98e,8ef94693,a8ee2f30a545bcbc96e239f35a972341,0x302feea8,0xbcbc45a5,0xf339e296,0x4123975a,8efc669382dd7413,8efc669382dd7413,8efc669382dd7413,8efc66930e1b6fa3,0,,,0x9366fc8e,0x1374dd82,0x9366fc8e,0x1374dd82,0x9366fc8e,0xa36f1b0e
64,64,-12,12,64,1,normal,normal_no_fault,0x3ca73782,8237a73c,e54a1f7629347ae26c7547fad490eeb4,0x761f4ae5,0xe27a3429,0xfa47756c,0xb4ee90d4,8227cd9c0a43ec98,8227cd9c0a43ec98,8227cd9c0a43ec98,8227cd9ce677a04e,0,,,0x9ccd2782,0x98ec430a,0x9ccd2782,0x98ec430a,0x9ccd2782,0x4ea077e6
65,65,-12,12,64,1,normal,normal_no_fault,0xa7e81e3f,3f1ee8a7,14a4b0656510f9c5c71fd269ff9439f3,0x65b0a414,0xc5f91065,0x69d21fc7,0xf33994ff,5a0ed1666a8e98e6,5a0ed1666a8e98e6,5a0ed1666a8e98e6,5a0ed1663b1a78c6,0,,,0x66d10e5a,0xe6988e6a,0x66d10e5a,0xe6988e6a,0x66d10e5a,0xc6781a3b
66,66,-12,12,64,1,normal,normal_no_fault,0x8d04c0f7,f7c0048d,cf183952bd03dcd905fd147f9cc244f0,0x523918cf,0xd9dc03bd,0x7f14fd05,0xf044c29c,6bc2405d7bd900d6,6bc2405d7bd900d6,6bc2405d7bd900d6,6bc2405df2d814df,0,,,0x5d40c26b,0xd600d97b,0x5d40c26b,0xd600d97b,0x5d40c26b,0xdf14d8f2
67,67,-12,12,64,1,normal,normal_no_fault,0x2138037f,7f033821,b8bc86c0fae11bfbe48bc363942d146c,0xc086bcb8,0xfb1be1fa,0x63c38be4,0x6c142d94,ef222849af26bd42,ef222849af26bd42,ef222849af26bd42,ef222849df8bba61,0,,,0x492822ef,0x42bd26af,0x492822ef,0x42bd26af,0x492822ef,0x61ba8bdf
68,68,-12,12,64,1,normal,normal_no_fault,0xb643f23a,3af243b6,65da8d8e0a0b95a330c2f23975e2c3c1,0x8e8dda65,0xa3950b0a,0x39f2c230,0xc1c3e275,3af0c2377ff0d21f,3af0c2377ff0d21f,3af0c2377ff0d21f,3af0c2371a30c3be,0,,,0x37c2f03a,0x1fd2f07f,0x37c2f03a,0x1fd2f07f,0x37c2f03a,0xbec3301a
69,69,-12,12,64,1,normal,normal_no_fault,0x179d53b6,b6539d17,088786b570058b63025891db34cf92e4,0xb5868708,0x638b0570,0xdb915802,0xe492cf34,86561f77b6d41e61,86561f77b6d41e61,86561f77b6d41e61,86561f77b6531d86,0,,,0x771f5686,0x611ed4b6,0x771f5686,0x611ed4b6,0x771f5686,0x861d53b6
70,70,-12,12,64,1,normal,normal_no_fault,0x61a572c4,c472a561,433a252f5b9d437f4b0feb6d3a06bcc4,0x2f253a43,0x7f439d5b,0x6deb0f4b,0xc4bc063a,de76a525ce77e325,de76a525ce77e325,de76a525ce77e325,de76a5258778844c,0,,,0x25a576de,0x25e377ce,0x25a576de,0x25e377ce,0x25a576de,0x4c847887
71,71,-12,12,64,1,normal,normal_no_fault,0xda65ad0a,0aad65da,3e1fcfe4deacc17f98b87486633aba05,0xe4cf1f3e,0x7fc1acde,0x8674b898,0x05ba3a63,4885e5dfa807eb5c,4885e5dfa807eb5c,4885e5dfa807eb5c,4885e5df12b5215e,0,,,0xdfe58548,0x5ceb07a8,0xdfe58548,0x5ceb07a8,0xdfe58548,0x5e21b512
72,72,-12,12,64,1,normal,normal_no_fault,0x78d38d33,338dd378,18e7761d73e6a82d9803fa426dfa4ab1,0x1d76e718,0x2da8e673,0x42fa0398,0xb14afa6d,526fdb59336e4b69,526fdb59336e4b69,526fdb59336e4b69,526fdb592b8ea178,0,,,0x59db6f52,0x694b6e33,0x59db6f52,0x694b6e33,0x59db6f52,0x78a18e2b
73,73,-12,12,64,1,normal,normal_no_fault,0xda68f458,58f468da,c90f84577c22b56378f491fefd36c6ee,0x57840fc9,0x63b5227c,0xfe91f478,0xeec636fd,24d6ecb8a1d6fda8,24d6ecb8a1d6fda8,24d6ecb8a1d6fda8,24d6ecb810f0e88c,0,,,0xb8ecd624,0xa8fdd6a1,0xb8ecd624,0xa8fdd6a1,0xb8ecd624,0x8ce8f010
74,74,-12,12,64,1,normal,normal_no_fault,0xa943fa86,86fa43a9,aa9f6f6c1299c03c81f7347715b8427c,0x6c6f9faa,0x3cc09912,0x7734f781,0x7c42b815,9662039506642595,9662039506642595,9662039506642595,96620395066d67cd,0,,,0x95036296,0x95256406,0x95036296,0x95256406,0x95036296,0xcd676d06
75,75,-12,12,64,1,normal,normal_no_fault,0x42cefd21,21fdce42,9427bfe8e1307a6c7e49d663da2f0554,0xe8bf2794,0x6c7a30e1,0x63d6497e,0x54052fda,e1ddce06c5db0f02,e1ddce06c5db0f02,e1ddce06c5db0f02,e1ddce0635fc5822,0,,,0x06cedde1,0x020fdbc5,0x06cedde1,0x020fdbc5,0x06cedde1,0x2258fc35
76,76,-12,12,64,1,normal,normal_no_fault,0xff729d85,859d72ff,a72914f16df1e37788f902d454777def,0xf11429a7,0x77e3f16d,0xd402f988,0xef7d7754,c1ec13980964649a,c1ec13980964649a,c1ec13980964649a,c1ec139805b4722f,0,,,0x9813ecc1,0x9a646409,0x9813ecc1,0x9a646409,0x9813ecc1,0x2f72b405
77,77,-12,12,64,1,normal,normal_no_fault,0x56caa35f,5fa3ca56,66b0f4715b1131b5d332429f6a0e04d4,0x71f4b066,0xb531115b,0x9f4232d3,0xd4040e6a,15a3cac22c838e82,15a3cac22c838e82,15a3cac22c838e82,15a3cac21d938a47,0,,,0xc2caa315,0x828e832c,0xc2caa315,0x828e832c,0xc2caa315,0x478a931d
78,78,-12,12,64,1,normal,normal_no_fault,0x5328e919,19e92853,4b422536d4036c746cf80cb2579abdcc,0x3625424b,0x746c03d4,0xb20cf86c,0xccbd9a57,4deb041756ab0555,4deb041756ab0555,4deb041756ab0555,4deb041751a92c61,0,,,0x1704eb4d,0x5505ab56,0x1704eb4d,0x5505ab56,0x1704eb4d,0x612ca951
79,79,-12,12,64,1,normal,normal_no_fault,0x60038e6a,6a8e0360,89bfe48f44b0578a689931ad8dcb4a55,0x8fe4bf89,0x8a57b044,0xad319968,0x554acb8d,6e0e4160ab0c7260,6e0e4160ab0c7260,6e0e4160ab0c7260,6e0e4160621723ed,0,,,0x60410e6e,0x60720cab,0x60410e6e,0x60720cab,0x60410e6e,0xed231762
80,80,-12,12,64,1,normal,normal_no_fault,0xd1554d47,474d55d1,b919d59d05f1bfe717616ba4b36a199a,0x9dd519b9,0xe7bff105,0xa46b6117,0x9a196ab3,462d4c53e2252e69,462d4c53e2252e69,462d4c53e2252e69,462d4c53564c1455,0,,,0x534c2d46,0x692e25e2,0x534c2d46,0x692e25e2,0x534c2d46,0x55144c56
81,81,-12,12,64,1,normal,normal_no_fault,0xc7738afe,fe8a73c7,abf0a06f12816952a3fd83d9d3e7a432,0x6fa0f0ab,0x52698112,0xd983fda3,0x32a4e7d3,ec0b53d5dc1b52fc,ec0b53d5dc1b52fc,ec0b53d5dc1b52fc,ec0b53d55d7af38e,0,,,0xd5530bec,0xfc521bdc,0xd5530bec,0xfc521bdc,0xd5530bec,0x8ef37a5d
82,82,-12,12,64,1,normal,normal_no_fault,0xbdb853ea,ea53b8bd,cb30272231bc1e5343f1369d4aca495b,0x222730cb,0x531ebc31,0x9d36f143,0x5b49ca4a,eadbb0eee2d389ae,eadbb0eee2d389ae,eadbb0eee2d389ae,eadbb0eea9639ebd,0,,,0xeeb0dbea,0xae89d3e2,0xeeb0dbea,0xae89d3e2,0xeeb0dbea,0xbd9e63a9
83,83,-12,12,64,1,normal,normal_no_fault,0x011534a5,a5341501,7a4a795cb7bac211cc422c5b198f107c,0x5c794a7a,0x11c2bab7,0x5b2c42cc,0x7c108f19,b4be1511717e2d14,b4be1511717e2d14,b4be1511717e2d14,b4be1511ed763d59,0,,,0x1115beb4,0x142d7e71,0x1115beb4,0x142d7e71,0x1115beb4,0x593d76ed
84,84,-12,12,64,1,normal,normal_no_fault,0xa0facd8b,8bcdfaa0,79552c9534c9b6d3a917447f389d339a,0x952c5579,0xd3b6c934,0x7f4417a9,0x9a339d38,bb44c832baccda76,bb44c832baccda76,bb44c832baccda76,bb44c832a2d8feb5,0,,,0x32c844bb,0x76daccba,0x32c844bb,0x76daccba,0x32c844bb,0xb5fed8a2
85,85,-12,12,64,1,normal,normal_no_fault,0x473e3132,32313e47,5437cf667899f627893e2820a18e1888,0x66cf3754,0x27f69978,0x20283e89,0x88188ea1,12b92e473a191e47,12b92e473a191e47,12b92e473a191e47,12b92e4732073667,0,,,0x472eb912,0x471e193a,0x472eb912,0x471e193a,0x472eb912,0x67360732
86,86,-12,12,64,1,normal,normal_no_fault,0xf7e9236a,6a23e9f7,2c4da3e230804aba688966d5250be431,0xe2a34d2c,0xba4a8030,0xd5668968,0x31e40b25,4a23a9c746a32987,4a23a9c746a32987,4a23a9c746a32987,4a23a9c7422acb37,0,,,0xc7a9234a,0x8729a346,0xc7a9234a,0x8729a346,0xc7a9234a,0x37cb2a42
87,87,-12,12,64,1,normal,normal_no_fault,0x27c09e33,339ec027,4dd171c00edcf8bc32c717ea5213e100,0xc071d14d,0xbcf8dc0e,0xea17c732,0x00e11352,318e2027718aa04f,318e2027718aa04f,318e2027718aa04f,318e2027335fd1e7,0,,,0x27208e31,0x4fa08a71,0x27208e31,0x4fa08a71,0x27208e31,0xe7d15f33
88,88,-12,12,64,1,normal,normal_no_fault,0x35a883a6,a683a835,ab7593b6cbac19f2ab643532713d9f2e,0xb69375ab,0xf219accb,0x323564ab,0x2e9f3d71,e7afb117a7f63b13,e7afb117a7f63b13,e7afb117a7f63b13,e7afb1170de7b907,0,,,0x17b1afe7,0x133bf6a7,0x17b1afe7,0x133bf6a7,0x17b1afe7,0x07b9e70d
89,89,-12,12,64,1,normal,normal_no_fault,0x84ac1132,3211ac84,7aa03af39a7194a753081ae3230f8bf5,0xf33aa07a,0xa794719a,0xe31a0853,0xf58b0f23,30102c215011ac35,30102c215011ac35,30102c215011ac35,30102c216011b667,0,,,0x212c1030,0x35ac1150,0x212c1030,0x35ac1150,0x212c1030,0x67b61160
90,90,-12,12,64,1,normal,normal_no_fault,0x96038dfc,fc8d0396,3a8201178f504525a00c42c8f7478988,0x1701823a,0x2545508f,0xc8420ca0,0x888947f7,7bcd02966e8f4296,7bcd02966e8f4296,7bcd02966e8f4296,7bcd0296dc8d0396,0,,,0x9602cd7b,0x96428f6e,0x9602cd7b,0x96428f6e,0x9602cd7b,0x96038ddc
91,91,-12,12,64,1,normal,normal_no_fault,0xf0e8057c,7c05e8f0,2bc019cac92d04109e2b0d42dea55baa,0xca19c02b,0x10042dc9,0x420d2b9e,0xaa5ba5de,b420e8f0f4acfc38,b420e8f0f4acfc38,b420e8f0f4acfc38,b420e8f07605e1b2,0,,,0xf0e820b4,0x38fcacf4,0xf0e820b4,0x38fcacf4,0xf0e820b4,0xb2e10576
92,92,-12,12,64,1,normal,normal_no_fault,0x3af0c911,11c9f03a,5effa7427e880ce69d42840409e68777,0x42a7ff5e,0xe60c887e,0x0484429d,0x7787e609,1949f45c196df77c,1949f45c196df77c,1949f45c196df77c,1949f45c0d8b743a,0,,,0x5cf44919,0x7cf76d19,0x5cf44919,0x7cf76d19,0x5cf44919,0x3a748b0d
93,93,-12,12,64,1,normal,normal_no_fault,0x1adbe28c,8ce2db1a,be8f3f57bf20abea0b8d4360f4762d20,0x573f8fbe,0xeaab20bf,0x60438d0b,0x202d76f4,38c2f23a3969f63a,38c2f23a3969f63a,38c2f23a3969f63a,38c2f23a866fd85a,0,,,0x3af2c238,0x3af66939,0x3af2c238,0x3af66939,0x3af2c238,0x5ad86f86
94,94,-12,12,64,1,normal,normal_no_fault,0x75dc28b7,b728dc75,9e8307722ecdd856393a2e971c927ea8,0x7207839e,0x56d8cd2e,0x972e3a39,0xa87e921c,bba884759ba0d451,bba884759ba0d451,bba884759ba0d451,bba88475af2ada67,0,,,0x7584a8bb,0x51d4a09b,0x7584a8bb,0x51d4a09b,0x7584a8bb,0x67da2aaf
95,95,-12,12,64,1,normal,normal_no_fault,0x46f3826d,6d82f346,cd9b1e75202c24bd3e6a6745e26a4655,0x751e9bcd,0xbd242c20,0x45676a3e,0x55466ae2,4daaf75381aad753,4daaf75381aad753,4daaf75381aad753,4daaf7536188f503,0,,,0x53f7aa4d,0x53d7aa81,0x53f7aa4d,0x53d7aa81,0x53f7aa4d,0x03f58861
96,96,-12,12,64,1,normal,normal_no_fault,0x155f1e65,651e5f15,a9e464f0b253f7b92c5d479e8f2e2a3e,0xf064e4a9,0xb9f753b2,0x9e475d2c,0x3e2a2e8f,e71c7d2de42f7c2d,e71c7d2de42f7c2d,e71c7d2de42f7c2d,e71c7d2d4d5a1b85,0,,,0x2d7d1ce7,0x2d7c2fe4,0x2d7d1ce7,0x2d7c2fe4,0x2d7d1ce7,0x851b5a4d
97,97,-12,12,64,1,normal,normal_no_fault,0xd2f2e6be,bee6f2d2,df1147fdcbb9fe778bbad9f64815b67c,0xfd4711df,0x77feb9cb,0xf6d9ba8b,0x7cb61548,f6f744a6f65f6d2c,f6f744a6f65f6d2c,f6f744a6f65f6d2c,f6f744a635f6b326,0,,,0xa644f7f6,0x2c6d5ff6,0xa644f7f6,0x2c6d5ff6,0xa644f7f6,0x26b3f635
98,98,-12,12,64,1,normal,normal_no_fault,0xd09ce9b3,b3e99cd0,0137bbec7d0415267ad87be46f1685a5,0xecbb3701,0x2615047d,0xe47bd87a,0xa585166f,deed99f4caef37b4,deed99f4caef37b4,deed99f4caef37b4,deed99f4b3f9a734,0,,,0xf499edde,0xb437efca,0xf499edde,0xb437efca,0xf499edde,0x34a7f9b3
99,99,-12,12,64,1,normal,normal_no_fault,0x9d624fc0,c04f629d,a3a55c25ba5fefb639962ac21e2f2950,0x255ca5a3,0xb6ef5fba,0xc22a9639,0x50292f1e,da404b8ddbf8481f,da404b8ddbf8481f,da404b8ddbf8481f,da404b8de1cb6a9d,0,,,0x8d4b40da,0x1f48f8db,0x8d4b40da,0x1f48f8db,0x8d4b40da,0x9d6acbe1
100,100,-12,12,64,1,normal,normal_no_fault,0x418ee3df,dfe38e41,5ba0c7f46c41e3595e3708ba8078df73,0xf4c7a05b,0x59e3416c,0xba08375e,0x73df7880,dfa34d10c9e24999,dfa34d10c9e24999,dfa34d10c9e24999,dfa34d1085c38ef1,0,,,0x104da3df,0x9949e2c9,0x104da3df,0x9949e2c9,0x104da3df,0xf18ec385
101,1,-12,12,65,1,normal,normal_no_fault,0x1fc0684c,4c68c01f,3877137f55bf724de4dafd0db7adf382,0x7f137738,0x4d72bf55,0x0dfddae4,0x82f3adb7,59c5b21f1885b21d,59c5b21f1885b21d,59c5b21f1885b21d,59c5b21f6c3ad112,0,,,0x1fb2c559,0x1db28518,0x1fb2c559,0x1db28518,0x1fb2c559,0x12d13a6c
102,2,-12,12,65,1,normal,normal_no_fault,0x08febab6,b6bafe08,1166fa8946a237e4e34e89663c1cd958,0x89fa6611,0xe437a246,0x66894ee3,0x58d91c3c,b2baef48e5faaf64,b2baef48e5faaf64,b2baef48e5faaf64,b2baef48b7fc7608,0,,,0x48efbab2,0x64affae5,0x48efbab2,0x64affae5,0x48efbab2,0x0876fcb7
103,3,-12,12,65,1,normal,normal_no_fault,0x04c073d7,d773c004,d65114b5b4ad5f60c308f9abea8b27e2,0xb51451d6,0x605fadb4,0xabf908c3,0xe2278bea,77fac764577a8d25,77fac764577a8d25,77fac764577a8d25,77fac7641573d0a5,0,,,0x64c7fa77,0x258d7a57,0x64c7fa77,0x258d7a57,0x64c7fa77,0xa5d07315
104,4,-12,12,65,1,normal,normal_no_fault,0x2a8e4524,24458e2a,572e129fb0597ca14961a9804142190d,0x9f122e57,0xa17c59b0,0x80a96149,0x0d194241,2405962b2426b627,2405962b2426b627,2405962b2426b627,2405962b65658eaa,0,,,0x2b960524,0x27b62624,0x2b960524,0x27b62624,0x2b960524,0xaa8e6565
105,5,-12,12,65,1,normal,normal_no_fault,0x58728715,15877258,eccb2b3b5a11b9ff65ce03784e5d367b,0x3b2bcbec,0xffb9115a,0x7803ce65,0x7b365d4e,5f9642237d045223,5f9642237d045223,5f9642237d045223,5f964223714d7160,0,,,0x2342965f,0x2352047d,0x2342965f,0x2352047d,0x2342965f,0x60714d71
106,6,-12,12,65,1,normal,normal_no_fault,0xd2137c02,027c13d2,cbd08c7bc0f7ca2e19358e9fec9a9ae6,0x7b8cd0cb,0x2ecaf7c0,0x9f8e3519,0xe69a9aec,c2ee99f4c3c99da5,c2ee99f4c3c99da5,c2ee99f4c3c99da5,c2ee99f40b6c9fc9,0,,,0xf499eec2,0xa59dc9c3,0xf499eec2,0xa59dc9c3,0xf499eec2,0xc99f6c0b
107,7,-12,12,65,1,normal,normal_no_fault,0xc2d48da8,a88dd4c2,f84b84692f18d6cf743a3c9c7a25d7a9,0x69844bf8,0xcfd6182f,0x9c3c3a74,0xa9d7257a,828d024b849e406f,828d024b849e406f,828d024b849e406f,828d024bd887d0ca,0,,,0x4b028d82,0x6f409e84,0x4b028d82,0x6f409e84,0x4b028d82,0xcad087d8
108,8,-12,12,65,1,normal,normal_no_fault,0x09080774,74070809,5e03b13cc839869c34117ca12477b08f,0x3cb1035e,0x9c8639c8,0xa17c1134,0x8fb07724,7436888564148ca5,7436888564148ca5,7436888564148ca5,7436888560063829,0,,,0x85883674,0xa58c1464,0x85883674,0xa58c1464,0x85883674,0x29380660
109,9,-12,12,65,1,normal,normal_no_fault,0xfa3d9dd5,d59d3dfa,95e5b9cc6bfcef229762deca85380877,0xccb9e595,0x22effc6b,0xcade6297,0x77083885,d4a535d8c6bd6374,d4a535d8c6bd6374,d4a535d8c6bd6374,d4a535d840fda532,0,,,0xd835a5d4,0x7463bdc6,0xd835a5d4,0x7463bdc6,0xd835a5d4,0x32a5fd40
110,10,-12,12,65,1,normal,normal_no_fault,0x00e8455b,5b45e800,55ecb1cd195d882c8abaea1245424a01,0xcdb1ec55,0x2c885d19,0x12eaba8a,0x014a4245,5a05e00016b5c001,5a05e00016b5c001,5a05e00016b5c001,5a05e0005bed4800,0,,,0x00e0055a,0x01c0b516,0x00e0055a,0x01c0b516,0x00e0055a,0x0048ed5b
111,11,-12,12,65,1,normal,normal_no_fault,0xd7e401ad,ad01e4d7,fe1ca0247ed1f7e29e4dbebbf543b84b,0x24a01cfe,0xe2f7d17e,0xbbbe4d9e,0x4bb843f5,d9405495d94c5255,d9405495d94c5255,d9405495d94c5255,d9405495330d44f7,0,,,0x955440d9,0x55524cd9,0x955440d9,0x55524cd9,0x955440d9,0xf7440d33
112,12,-12,12,65,1,normal,normal_no_fault,0xb0b139b6,b639b1b0,9605f6ca724dde0995592fa25049b3e4,0xcaf60596,0x09de4d72,0xa22f5995,0xe4b34950,e67023b022702bf2,e67023b022702bf2,e67023b022702bf2,e67023b022389732,0,,,0xb02370e6,0xf22b7022,0xb02370e6,0xf22b7022,0xb02370e6,0x32973822
113,13,-12,12,65,1,normal,normal_no_fault,0x96b89442,4294b896,192111d31200306bffe0bb08135b2e19,0xd3112119,0x6b300012,0x08bbe0ff,0x192e5b13,5094989f58b5998f,5094989f58b5998f,5094989f58b5998f,5094989f5bb4a996,0,,,0x9f989450,0x8f99b558,0x9f989450,0x8f99b558,0x9f989450,0x96a9b45b
114,14,-12,12,65,1,normal,normal_no_fault,0xfb307a8e,8e7a30fb,d39d098be1a99c5d5dbacc730597757b,0x8b099dd3,0x5d9ca9e1,0x73ccba5d,0x7b759705,8ffb24a29fdfb5a2,8ffb24a29fdfb5a2,8ffb24a29fdfb5a2,8ffb24a2dfe238f8,0,,,0xa224fb8f,0xa2b5df9f,0xa224fb8f,0xa2b5df9f,0xa224fb8f,0xf838e2df
115,15,-12,12,65,1,normal,normal_no_fault,0x5d076cd5,d56c075d,574014e0c206b9184b0672fa047d1fa9,0xe0144057,0x18b906c2,0xfa72064b,0xa91f7d04,d5681e55d02a3305,d5681e55d02a3305,d5681e55d02a3305,d5681e55966c17bd,0,,,0x551e68d5,0x05332ad0,0x551e68d5,0x05332ad0,0x551e68d5,0xbd176c96
116,16,-12,12,65,1,normal,normal_no_fault,0x5ee4a39e,9ea3e45e,48a08f7fa0dfd94ba0b0cb88379b49a0,0x7f8fa048,0x4bd9dfa0,0x88cbb0a0,0xa0499b37,be38ad5e3e13af7e,be38ad5e3e13af7e,be38ad5e3e13af7e,be38ad5e9e036f56,0,,,0x5ead38be,0x7eaf133e,0x5ead38be,0x7eaf133e,0x5ead38be,0x566f039e
117,17,-12,12,65,1,normal,normal_no_fault,0xb2e3ab91,91abe3b2,f855b4e17aff512f83cad4f6ce50707b,0xe1b455f8,0x2f51ff7a,0xf6d4ca83,0x7b7050ce,dbfbb399db711715,dbfbb399db711715,dbfbb399db711715,dbfbb39911eb7752,0,,,0x99b3fbdb,0x151771db,0x99b3fbdb,0x151771db,0x99b3fbdb,0x5277eb11
118,18,-12,12,65,1,normal,normal_no_fault,0x04e29f42,429fe204,ba94086504a9b67b2e4562a49044755f,0x650894ba,0x7bb6a904,0xa462452e,0x5f754490,429fd65ffc9ec045,429fd65ffc9ec045,429fd65ffc9ec045,429fd65f689be220,0,,,0x5fd69f42,0x45c09efc,0x5fd69f42,0x45c09efc,0x5fd69f42,0x20e29b68
119,19,-12,12,65,1,normal,normal_no_fault,0x1e5d36c8,c8365d1e,95be432b091202479f94a374e1079c70,0x2b43be95,0x47021209,0x74a3949f,0x709c07e1,c9345d5ed5b45c5a,c9345d5ed5b45c5a,c9345d5ed5b45c5a,c9345d5e5da25e3e,0,,,0x5e5d34c9,0x5a5cb4d5,0x5e5d34c9,0x5a5cb4d5,0x5e5d34c9,0x3e5ea25d
120,20,-12,12,65,1,normal,normal_no_fault,0x67eb2879,7928eb67,a2a4fda8458e0ac22829fd6aa0dec491,0xa8fda4a2,0xc20a8e45,0x6afd2928,0x91c4dea0,79a6ebe7f984da8d,79a6ebe7f984da8d,79a6ebe7f984da8d,79a6ebe75908164f,0,,,0xe7eba679,0x8dda84f9,0xe7eba679,0x8dda84f9,0xe7eba679,0x4f160859
121,21,-12,12,65,1,normal,normal_no_fault,0xa44ab07b,7bb04aa4,efe48dd6eb9578b21a2b30233e0870f7,0xd68de4ef,0xb27895eb,0x23302b1a,0xf770083e,51b03a1655917a52,51b03a1655917a52,51b03a1655917a52,51b03a1671904aa6,0,,,0x163ab051,0x527a9155,0x163ab051,0x527a9155,0x163ab051,0xa64a9071
122,22,-12,12,65,1,normal,normal_no_fault,0x1bff38f6,f638ff1b,a18b412a43769337415329e0a041d6be,0x2a418ba1,0x37937643,0xe0295341,0xbed641a0,f6786d2d1668bf31,f6786d2d1668bf31,f6786d2d1668bf31,f6786d2df73bfe3b,0,,,0x2d6d78f6,0x31bf6816,0x2d6d78f6,0x31bf6816,0x2d6d78f6,0x3bfe3bf7
123,23,-12,12,65,1,normal,normal_no_fault,0x96220ac1,c10a2296,38105ea4512d5f4adead00e80dd6572e,0xa45e1038,0x4a5f2d51,0xe800adde,0x2e57d60d,c00e759c8137745a,c00e759c8137745a,c00e759c8137745a,c00e759cd90a2236,0,,,0x9c750ec0,0x5a743781,0x9c750ec0,0x5a743781,0x9c750ec0,0x36220ad9
124,24,-12,12,65,1,normal,normal_no_fault,0xf7520336,360352f7,1c46aabff643324816db236b1e93f4c1,0xbfaa461c,0x483243f6,0x6b23db16,0xc1f4931e,200062b72800f215,200062b72800f215,200062b72800f215,200062b7224170dc,0,,,0xb7620020,0x15f20028,0xb7620020,0x15f20028,0xb7620020,0xdc704122
125,25,-12,12,65,1,normal,normal_no_fault,0x749158f7,f7589174,bb85657457e4ea00a2ba1951f6de8462,0x746585bb,0x00eae457,0x5119baa2,0x6284def6,a19c1174e5fc9c44,a19c1174e5fc9c44,a19c1174e5fc9c44,a19c117455d89024,0,,,0x74119ca1,0x449cfce5,0x74119ca1,0x449cfce5,0x74119ca1,0x2490d855
126,26,-12,12,65,1,normal,normal_no_fault,0x62696fd6,d66f6962,8553a085aa56a9efeb31420fb9f2019b,0x85a05385,0xefa956aa,0x0f4231eb,0x9b01f2b9,7e3d68e97c3c69e9,7e3d68e97c3c69e9,7e3d68e97c3c69e9,7e3d68e9577e6967,0,,,0xe9683d7e,0xe9693c7c,0xe9683d7e,0xe9693c7c,0xe9683d7e,0x67697e57
127,27,-12,12,65,1,normal,normal_no_fault,0xfaa6abaa,aaaba6fa,0b7ba9a18ac87321797bf6a3dbf41c65,0xa1a97b0b,0x2173c88a,0xa3f67b79,0x651cf4db,206bb6dba0e87c5b,206bb6dba0e87c5b,206bb6dba0e87c5b,206bb6dba3d0065b,0,,,0xdbb66b20,0x5b7ce8a0,0xdbb66b20,0x5b7ce8a0,0xdbb66b20,0x5b06d0a3
128,28,-12,12,65,1,normal,normal_no_fault,0x32445293,93524432,ba21255923f24c19ad02a1af22ff29e5,0x592521ba,0x194cf223,0xafa102ad,0xe529ff22,b1a04c3338714473,b1a04c3338714473,b1a04c3338714473,b1a04c333b52653b,0,,,0x334ca0b1,0x73447138,0x334ca0b1,0x73447138,0x334ca0b1,0x3b65523b
129,29,-12,12,65,1,normal,normal_no_fault,0x254af669,69f64a25,31742a6bc6cbe8806ff9d7bdaf65e4c7,0x6b2a7431,0x80e8cbc6,0xbdd7f96f,0xc7e465af,efb7aaa52f2ba8cf,efb7aaa52f2ba8cf,efb7aaa52f2ba8cf,efb7aaa54886480c,0,,,0xa5aab7ef,0xcfa82b2f,0xa5aab7ef,0xcfa82b2f,0xa5aab7ef,0x0c488648
130,30,-12,12,65,1,normal,normal_no_fault,0x592755ee,ee552759,7c55b4f720f429de0c683b359e43fb76,0xf7b4557c,0xde29f420,0x353b680c,0x76fb439e,ee150e0ffe348e0e,ee150e0ffe348e0e,ee150e0ffe348e0e,ee150e0fe215176c,0,,,0x0f0e15ee,0x0e8e34fe,0x0f0e15ee,0x0e8e34fe,0x0f0e15ee,0x6c1715e2
131,31,-12,12,65,1,normal,normal_no_fault,0x414e9134,34914e41,95dd7220debd25538d08e63b530bd418,0x2072dd95,0x5325bdde,0x3be6088d,0x18d40b53,66984a512c985872,66984a512c985872,66984a512c985872,66984a51b1992c61,0,,,0x514a9866,0x7258982c,0x514a9866,0x7258982c,0x514a9866,0x612c99b1
132,32,-12,12,65,1,normal,normal_no_fault,0xc383c78a,8ac783c3,4fe932bfc7a86974d8ac6f4401b8c697,0xbf32e94f,0x7469a8c7,0x446facd8,0x97c6b801,8b6fc3d7036fca14,8b6fc3d7036fca14,8b6fc3d7036fca14,8b6fc3d7c26fa1c7,0,,,0xd7c36f8b,0x14ca6f03,0xd7c36f8b,0x14ca6f03,0xd7c36f8b,0xc7a16fc2
133,33,-12,12,65,1,normal,normal_no_fault,0xac7fc270,70c27fac,1edc9cff32f571fbf7b9effb19ffe82c,0xff9cdc1e,0xfb71f532,0xfbefb9f7,0x2ce8ff19,60371f844c371a80,60371f844c371a80,60371f844c371a80,60371f84665af357,0,,,0x841f3760,0x801a374c,0x841f3760,0x801a374c,0x841f3760,0x57f35a66
134,34,-12,12,65,1,normal,normal_no_fault,0xc624fbe7,e7fb24c6,ca2803188a5763e63eb4a0cebae69401,0x180328ca,0xe663578a,0xcea0b43e,0x0194e6ba,6dbd24c66def0408,6dbd24c66def0408,6dbd24c66def0408,6dbd24c6eddb24ce,0,,,0xc624bd6d,0x0804ef6d,0xc624bd6d,0x0804ef6d,0xc624bd6d,0xce24dbed
135,35,-12,12,65,1,normal,normal_no_fault,0x82f659f4,f459f682,572cc82b226da8fb8b4179c438971f43,0x2bc82c57,0xfba86d22,0xc479418b,0x431f9738,d45cfec1e51c9e41,d45cfec1e51c9e41,d45cfec1e51c9e41,d45cfec1f759be82,0,,,0xc1fe5cd4,0x419e1ce5,0xc1fe5cd4,0x419e1ce5,0xc1fe5cd4,0x82be59f7
136,36,-12,12,65,1,normal,normal_no_fault,0x291e18de,de181e29,87990b3386d460172027cdedae3e2f46,0x330b9987,0x1760d486,0xedcd2720,0x462f3eae,580c3e2f58055c0f,580c3e2f58055c0f,580c3e2f58055c0f,580c3e2fde191708,0,,,0x2f3e0c58,0x0f5c0558,0x2f3e0c58,0x0f5c0558,0x2f3e0c58,0x081719de
137,37,-12,12,65,1,normal,normal_no_fault,0xf094aa5b,5baa94f0,d5cca8cb341309c30aeddada22e1ac93,0xcba8ccd5,0xc3091334,0xdadaed0a,0x93ace122,7bab9c735ba7bc7b,7bab9c735ba7bc7b,7bab9c735ba7bc7b,7bab9c735b661c3a,0,,,0x739cab7b,0x7bbca75b,0x739cab7b,0x7bbca75b,0x739cab7b,0x3a1c665b
138,38,-12,12,65,1,normal,normal_no_fault,0x4a8e1483,83148e4a,84daf50c8ba5df4e0343c03a91722166,0x0cf5da84,0x4edfa58b,0x3ac04303,0x66217291,02348f0c0005af4c,02348f0c0005af4c,02348f0c0005af4c,02348f0c83564e42,0,,,0x0c8f3402,0x4caf0500,0x0c8f3402,0x4caf0500,0x0c8f3402,0x424e5683
139,39,-12,12,65,1,normal,normal_no_fault,0x4d03dd29,29dd034d,9e3714d7884a07398d262a199bc63d2a,0xd714379e,0x39074a88,0x192a268d,0x2a3dc69b,a19f0665b7ff1547,a19f0665b7ff1547,a19f0665b7ff1547,a19f0665a5fb035c,0,,,0x65069fa1,0x4715ffb7,0x65069fa1,0x4715ffb7,0x65069fa1,0x5c03fba5
140,40,-12,12,65,1,normal,normal_no_fault,0xcf876900,006987cf,10a63509db0407627e0a4678fd3064f4,0x0935a610,0x620704db,0x78460a7e,0xf46430fd,d96983af5a4ba1a7,d96983af5a4ba1a7,d96983af5a4ba1a7,d96983af106b83c7,0,,,0xaf8369d9,0xa7a14b5a,0xaf8369d9,0xa7a14b5a,0xaf8369d9,0xc7836b10
141,41,-12,12,65,1,normal,normal_no_fault,0x8936ae5e,5eae3689,c703767ea0d1bec92ae2c0258f4a2d88,0x7e7603c7,0xc9bed1a0,0x25c0e22a,0x882d4a8f,deee1a01fb6ed2a4,deee1a01fb6ed2a4,deee1a01fb6ed2a4,deee1a015cac76ad,0,,,0x011aeede,0xa4d26efb,0x011aeede,0xa4d26efb,0x011aeede,0xad76ac5c
142,42,-12,12,65,1,normal,normal_no_fault,0xd6cd01ac,ac01cdd6,1b989e50c5c8543d5d29cd50520dcf40,0x509e981b,0x3d54c8c5,0x50cd295d,0x40cf0d52,ec0989d6e2098bd6,ec0989d6e2098bd6,ec0989d6e2098bd6,ec0989d6b5094186,0,,,0xd68909ec,0xd68b09e2,0xd68909ec,0xd68b09e2,0xd68909ec,0x864109b5
143,43,-12,12,65,1,normal,normal_no_fault,0x4f34bdb7,b7bd344f,734918c18c74728934569bf436957e69,0xc1184973,0x8972748c,0xf49b5634,0x697e9536,b3a94646b1a8264e,b3a94646b1a8264e,b3a94646b1a8264e,b3a9464687fd2c8f,0,,,0x4646a9b3,0x4e26a8b1,0x4646a9b3,0x4e26a8b1,0x4646a9b3,0x8f2cfd87
144,44,-12,12,65,1,normal,normal_no_fault,0xfe95b9ce,ceb995fe,3552b71ca4a9d05c3ff902d0e5e3b4ca,0x1cb75235,0x5cd0a9a4,0xd002f93f,0xcab4e3e5,6a1805b6fa0223b6,6a1805b6fa0223b6,6a1805b6fa0223b6,6a1805b6fbe997ee,0,,,0xb605186a,0xb62302fa,0xb605186a,0xb62302fa,0xb605186a,0xee97e9fb
145,45,-12,12,65,1,normal,normal_no_fault,0x5223e495,95e42352,40aaf108410c6d8dc65459b6bc78cddf,0x08f1aa40,0x8d6d0c41,0xb65954c6,0xdfcd78bc,95ec6edf95c8fade,95ec6edf95c8fade,95ec6edf95c8fade,95ec6edfd5e47252,0,,,0xdf6eec95,0xdefac895,0xdf6eec95,0xdefac895,0xdf6eec95,0x5272e4d5
146,46,-12,12,65,1,normal,normal_no_fault,0xc06789aa,aa8967c0,eafe31f5d9f909c30512f85bae5215f7,0xf531feea,0xc309f9d9,0x5bf81205,0xf71552ae,22d9660301d94e27,22d9660301d94e27,22d9660301d94e27,22d96603aa9b5791,0,,,0x0366d922,0x274ed901,0x0366d922,0x274ed901,0x0366d922,0x91579baa
147,47,-12,12,65,1,normal,normal_no_fault,0x1b283c89,893c281b,04f27a11414dfee797980cdf626a3130,0x117af204,0xe7fe4d41,0xdf0c9897,0x30316a62,c974183b8cc61cdd,c974183b8cc61cdd,c974183b8cc61cdd,c974183b8dac200a,0,,,0x3b1874c9,0xdd1cc68c,0x3b1874c9,0xdd1cc68c,0x3b1874c9,0x0a20ac8d
148,48,-12,12,65,1,normal,normal_no_fault,0xa7ebf893,93f8eba7,55e002c431cc70305fc507cc8d0b31d3,0xc402e055,0x3070cc31,0xcc07c55f,0xd3310b8d,92f0dbb7d2fce9a3,92f0dbb7d2fce9a3,92f0dbb7d2fce9a3,92f0dbb7c638e963,0,,,0xb7dbf092,0xa3e9fcd2,0xb7dbf092,0xa3e9fcd2,0xb7dbf092,0x63e938c6
149,49,-12,12,65,1,normal,normal_no_fault,0xb8ba4a46,464abab8,6bfab565b667b065682095344d3f8e95,0x65b5fa6b,0x65b067b6,0x34952068,0x958e3f4d,426d3abd47703bbd,426d3abd47703bbd,426d3abd47703bbd,426d3abd2e6a2f9c,0,,,0xbd3a6d42,0xbd3b7047,0xbd3a6d42,0xbd3b7047,0xbd3a6d42,0x9c2f6a2e
150,50,-12,12,65,1,normal,normal_no_fault,0xaa3b3963,63393baa,d92b97ca34f3e3a2756d42c262e8ee19,0xca972bd9,0xa2e3f334,0xc2426d75,0x19eee862,43d9d9aa4659fde2,43d9d9aa4659fde2,43d9d9aa4659fde2,43d9d9aa32103968,0,,,0xaad9d943,0xe2fd5946,0xaad9d943,0xe2fd5946,0xaad9d943,0x68391032
151,51,-12,12,65,1,normal,normal_no_fault,0x143193ed,ed933114,14a59c3349a2a2ce6b15595245e0ef0a,0x339ca514,0xcea2a249,0x5259156b,0x0aefe045,ac33931ea036a546,ac33931ea036a546,ac33931ea036a546,ac33931eed962906,0,,,0x1e9333ac,0x46a536a0,0x1e9333ac,0x46a536a0,0x1e9333ac,0x062996ed
152,52,-12,12,65,1,normal,normal_no_fault,0xcd309942,429930cd,5348f4698b0a688a3824872233216939,0x69f44853,0x8a680a8b,0x22872438,0x39692133,419958c54999d4c6,419958c54999d4c6,419958c54999d4c6,419958c55299b4ed,0,,,0xc5589941,0xc6d49949,0xc5589941,0xc6d49949,0xc5589941,0xedb49952
153,53,-12,12,65,1,normal,normal_no_fault,0x1f51a38d,8da3511f,e97e97e1ff60db92ef201dbd769e5374,0xe1977ee9,0x92db60ff,0xbd1d20ef,0x74539e76,fba3020febbd4e4e,fba3020febbd4e4e,fba3020febbd4e4e,fba3020f648344be,0,,,0x0f02a3fb,0x4e4ebdeb,0x0f02a3fb,0x4e4ebdeb,0x0f02a3fb,0xbe448364
154,54,-12,12,65,1,normal,normal_no_fault,0xc88c408b,8b408cc8,fc682d0a8f3201d45b3ca48cc464c1a5,0x0a2d68fc,0xd401328f,0x8ca43c5b,0xa5c164c4,0f608d4c1c38a944,0f608d4c1c38a944,0f608d4c1c38a944,0f608d4cd368a8c0,0,,,0x4c8d600f,0x44a9381c,0x4c8d600f,0x44a9381c,0x4c8d600f,0xc0a868d3
155,55,-12,12,65,1,normal,normal_no_fault,0x0d30bfa4,a4bf300d,797e9d9554c5dcae8ee532132a4b4270,0x959d7e79,0xaedcc554,0x1332e58e,0x70424b2a,a4fe702d8054300e,a4fe702d8054300e,a4fe702d8054300e,a4fe702dacdb201c,0,,,0x2d70fea4,0x0e305480,0x2d70fea4,0x0e305480,0x2d70fea4,0x1c20dbac
156,56,-12,12,65,1,normal,normal_no_fault,0x2fbb3d2a,2a3dbb2f,ff418af7d24b4b3c9e59fd0625010982,0xf78a41ff,0x3c4b4bd2,0x06fd599e,0x82090125,2a3cb22f033472af,2a3cb22f033472af,2a3cb22f033472af,2a3cb22fb47c3329,0,,,0x2fb23c2a,0xaf723403,0x2fb23c2a,0xaf723403,0x2fb23c2a,0x29337cb4
157,57,-12,12,65,1,normal,normal_no_fault,0xd424fdf4,f4fd24d4,e414f67aed0a50cebdd6b29b67e0b822,0x7af614e4,0xce500aed,0x9bb2d6bd,0x22b8e067,91fd34d699eb3666,91fd34d699eb3666,91fd34d699eb3666,91fd34d650e996ce,0,,,0xd634fd91,0x6636eb99,0xd634fd91,0x6636eb99,0xd634fd91,0xce96e950
158,58,-12,12,65,1,normal,normal_no_fault,0x8b3a0e4c,4c0e3a8b,6fffd95fc207a44d5365d185ca6df504,0x5fd9ff6f,0x4da407c2,0x85d16553,0x04f56dca,8e0b9e8f0703ba8f,8e0b9e8f0703ba8f,8e0b9e8f0703ba8f,8e0b9e8f0f6beb8e,0,,,0x8f9e0b8e,0x8fba0307,0x8f9e0b8e,0x8fba0307,0x8f9e0b8e,0x8eeb6b0f
159,59,-12,12,65,1,normal,normal_no_fault,0xe4aa125a,5a12aae4,29e18865d0c80bc9d08cdb0367aac17c,0x6588e129,0xc90bc8d0,0x03db8cd0,0x7cc1aa67,1a9aabacabbaa980,1a9aabacabbaa980,1a9aabacabbaa980,1a9aabac5a9222e5,0,,,0xacab9a1a,0x80a9baab,0xacab9a1a,0x80a9baab,0xacab9a1a,0xe522925a
160,60,-12,12,65,1,normal,normal_no_fault,0xf83cd387,87d33cf8,81aef98d257e067c10b6d0450f01efcb,0x8df9ae81,0x7c067e25,0x45d0b610,0xcbef010f,82d33ab086430530,82d33ab086430530,82d33ab086430530,82d33ab08775ecfd,0,,,0xb03ad382,0x30054386,0xb03ad382,0x30054386,0xb03ad382,0xfdec7587
161,61,-12,12,65,1,normal,normal_no_fault,0xed92c6ce,cec692ed,95c3a3dbb33f52d6316fe0963e3670b5,0xdba3c395,0xd6523fb3,0x96e06f31,0xb570363e,fcf0c279faa85278,fcf0c279faa85278,fcf0c279faa85278,fcf0c279df85327f,0,,,0x79c2f0fc,0x7852a8fa,0x79c2f0fc,0x7852a8fa,0x79c2f0fc,0x7f3285df
162,62,-12,12,65,1,normal,normal_no_fault,0x6d4b381f,1f384b6d,bb649556db6a44af4b577bfea6e3db3b,0x569564bb,0xaf446adb,0xfe7b574b,0x3bdbe3a6,9d5a0b46fd5e8b87,9d5a0b46fd5e8b87,9d5a0b46fd5e8b87,9d5a0b46147c5a3b,0,,,0x460b5a9d,0x878b5efd,0x460b5a9d,0x878b5efd,0x460b5a9d,0x3b5a7c14
163,63,-12,12,65,1,normal,normal_no_fault,0xd0dda7bd,bda7ddd0,8148693dad61042609a1b4e0fb60f187,0x3d694881,0x260461ad,0xe0b4a109,0x87f160fb,14c7ddd634c698d5,14c7ddd634c698d5,14c7ddd634c698d5,14c7ddd6bca7fdf0,0,,,0xd6ddc714,0xd598c634,0xd6ddc714,0xd598c634,0xd6ddc714,0xf0fda7bc
164,64,-12,12,65,1,normal,normal_no_fault,0xa5807f20,207f80a5,08484d58a682735e2db2ebb88faf40b7,0x584d4808,0x5e7382a6,0xb8ebb22d,0xb740af8f,a6fdc0b304f5eab5,a6fdc0b304f5eab5,a6fdc0b304f5eab5,a6fdc0b3287fc9bd,0,,,0xb3c0fda6,0xb5eaf504,0xb3c0fda6,0xb5eaf504,0xb3c0fda6,0xbdc97f28
165,65,-12,12,65,1,normal,normal_no_fault,0x1d55c51b,1bc5551d,b78611fa8538d1f8574a818a45aa449f,0xfa1186b7,0xf8d13885,0x8a814a57,0x9f44aa45,1eed15850c4dd585,1eed15850c4dd585,1eed15850c4dd585,1eed15850cc75497,0,,,0x8515ed1e,0x85d54d0c,0x8515ed1e,0x85d54d0c,0x8515ed1e,0x9754c70c
166,66,-12,12,65,1,normal,normal_no_fault,0x46b1d408,08d4b146,01331523413c2f291c2cb52d658cd406,0x23153301,0x292f3c41,0x2db52c1c,0x06d48c65,49d8b54609d8954c,49d8b54609d8954c,49d8b54609d8954c,49d8b54608f4a467,0,,,0x46b5d849,0x4c95d809,0x46b5d849,0x4c95d809,0x46b5d849,0x67a4f408
167,67,-12,12,65,1,normal,normal_no_fault,0xf73f6b78,786b3ff7,978f8abff4b0eb8aea3df4b28597dbe5,0xbf8a8f97,0x8aebb0f4,0xb2f43dea,0xe5db9785,fcfbf4779fd1d562,fcfbf4779fd1d562,fcfbf4779fd1d562,fcfbf477fa66bf45,0,,,0x77f4fbfc,0x62d5d19f,0x77f4fbfc,0x62d5d19f,0x77f4fbfc,0x45bf66fa
168,68,-12,12,65,1,normal,normal_no_fault,0x12f5e01c,1ce0f512,6ae3b7751051c22133a580abf172f67e,0x75b7e36a,0x21c25110,0xab80a533,0x7ef672f1,0cb037324e224366,0cb037324e224366,0cb037324e224366,0cb037323e417533,0,,,0x3237b00c,0x6643224e,0x3237b00c,0x6643224e,0x3237b00c,0x3375413e
169,69,-12,12,65,1,normal,normal_no_fault,0x45760597,97057645,c9f9b45732175e77527af584d2533a54,0x57b4f9c9,0x775e1732,0x84f57a52,0x543a53d2,85166c11053ea611,85166c11053ea611,85166c11053ea611,85166c11d77dc241,0,,,0x116c1685,0x11a63e05,0x116c1685,0x11a63e05,0x116c1685,0x41c27dd7
170,70,-12,12,65,1,normal,normal_no_fault,0xa8cf6207,0762cfa8,0ccf65acc7fe849aa72237b430f42a18,0xac65cf0c,0x9a84fec7,0xb43722a7,0x182af430,0796cfb08486ce94,0796cfb08486ce94,0796cfb08486ce94,0796cfb00360ea0c,0,,,0xb0cf9607,0x94ce8684,0xb0cf9607,0x94ce8684,0xb0cf9607,0x0cea6003
171,71,-12,12,65,1,normal,normal_no_fault,0x8ac9debf,bfdec98a,0056e81d81d0aedbc0cbd5cce36550d4,0x1de85600,0xdbaed081,0xccd5cbc0,0xd45065e3,3e9ec95a3f18cd5a,3e9ec95a3f18cd5a,3e9ec95a3f18cd5a,3e9ec95abf9c0986,0,,,0x5ac99e3e,0x5acd183f,0x5ac99e3e,0x5acd183f,0x5ac99e3e,0x86099cbf
172,72,-12,12,65,1,normal,normal_no_fault,0x80e728cf,cf28e780,e65b2aacc792888948b2778f0daa1c7a,0xac2a5be6,0x898892c7,0x8f77b248,0x7a1caa0d,caaaef88cba2cdad,caaaef88cba2cdad,caaaef88cba2cdad,caaaef888f3ac50c,0,,,0x88efaaca,0xadcda2cb,0x88efaaca,0xadcda2cb,0x88efaaca,0x0cc53a8f
173,73,-12,12,65,1,normal,normal_no_fault,0x90a2104c,4c10a290,1082c38ff12d19eb89bccaff3af1c980,0x8fc38210,0xeb192df1,0xffcabc89,0x80c9f13a,7c31ab10dd3ca974,7c31ab10dd3ca974,7c31ab10dd3ca974,7c31ab104c90601f,0,,,0x10ab317c,0x74a93cdd,0x10ab317c,0x74a93cdd,0x10ab317c,0x1f60904c
174,74,-12,12,65,1,normal,normal_no_fault,0xb4d9591c,1c59d9b4,1ed3f530e1616fd2857a3b7c913b87fb,0x30f5d31e,0xd26f61e1,0x7c3b7a85,0xfb873b91,9d78de66897846e4,9d78de66897846e4,9d78de66897846e4,9d78de66180be884,0,,,0x66de789d,0xe4467889,0x66de789d,0xe4467889,0x66de789d,0x84e80b18
175,75,-12,12,65,1,normal,normal_no_fault,0x92b26bcf,cf6bb292,1850c0c815b52e3175f3140d465ddb23,0xc8c05018,0x312eb515,0x0d14f375,0x23db5d46,cb7eb8b3cada769b,cb7eb8b3cada769b,cb7eb8b3cada769b,cb7eb8b3df3bb29a,0,,,0xb3b87ecb,0x9b76daca,0xb3b87ecb,0x9b76daca,0xb3b87ecb,0x9ab23bdf
176,76,-12,12,65,1,normal,normal_no_fault,0xbcde7bfa,fa7bdebc,e34ecf1e1f1499d9e1738053c5353f27,0x1ecf4ee3,0xd999141f,0x538073e1,0x273f35c5,ff6fc7bddb2dd1f9,ff6fc7bddb2dd1f9,ff6fc7bddb2dd1f9,ff6fc7bd1b395eae,0,,,0xbdc76fff,0xf9d12ddb,0xbdc76fff,0xf9d12ddb,0xbdc76fff,0xae5e391b
177,77,-12,12,65,1,normal,normal_no_fault,0xa9ebf90c,0cf9eba9,f15a872f9153174e155286d51efaa92a,0x2f875af1,0x4e175391,0xd5865215,0x2aa9fa1e,1cabeaa31ca3eac2,1cabeaa31ca3eac2,1cabeaa31ca3eac2,1cabeaa31dab6dac,0,,,0xa3eaab1c,0xc2eaa31c,0xa3eaab1c,0xc2eaa31c,0xa3eaab1c,0xac6dab1d
178,78,-12,12,65,1,normal,normal_no_fault,0x19eb7c54,547ceb19,f0cd67d8fd0c3617b4bf85b3d36cf63b,0xd867cdf0,0x17360cfd,0xb385bfb4,0x3bf66cd3,8570dd0a80b18c82,8570dd0a80b18c82,8570dd0a80b18c82,8570dd0ae4f1ee89,0,,,0x0add7085,0x828cb180,0x0add7085,0x828cb180,0x0add7085,0x89eef1e4
179,79,-12,12,65,1,normal,normal_no_fault,0x34c34de7,e74dc334,6223c2527206fe5dfe8514e03afe9daa,0x52c22362,0x5dfe0672,0xe01485fe,0xaa9dfe3a,d54b5f3cd56a5736,d54b5f3cd56a5736,d54b5f3cd56a5736,d54b5f3c854cc374,0,,,0x3c5f4bd5,0x36576ad5,0x3c5f4bd5,0x36576ad5,0x3c5f4bd5,0x74c34c85
180,80,-12,12,65,1,normal,normal_no_fault,0x86a521a9,a921a586,ce8d2d18e927ae09e86be65c8b5244c6,0x182d8dce,0x09ae27e9,0x5ce66be8,0xc644528b,2023a186030b2396,2023a186030b2396,2023a186030b2396,2023a1866128819e,0,,,0x86a12320,0x96230b03,0x86a12320,0x96230b03,0x86a12320,0x9e812861
181,81,-12,12,65,1,normal,normal_no_fault,0x80808aa7,a78a8080,2f1d1ed282aa5917a8b84687e49ef20a,0xd21e1d2f,0x1759aa82,0x8746b8a8,0x0af29ee4,2700d0822b26d407,2700d0822b26d407,2700d0822b26d407,2700d0828f928602,0,,,0x82d00027,0x07d4262b,0x82d00027,0x07d4262b,0x82d00027,0x0286928f
182,82,-12,12,65,1,normal,normal_no_fault,0xb5d00d65,650dd0b5,55f07874342c004a6ede3c4be105de59,0x7478f055,0x4a002c34,0x4b3cde6e,0x59de05e1,4509d0fd44d1b0ef,4509d0fd44d1b0ef,4509d0fd44d1b0ef,4509d0fd21dde8f5,0,,,0xfdd00945,0xefb0d144,0xfdd00945,0xefb0d144,0xfdd00945,0xf5e8dd21
183,83,-12,12,65,1,normal,normal_no_fault,0x8ef69b2a,2a9bf68e,43c8b3675ed2feef7cc771274a01ed4c,0x67b3c843,0xeffed25e,0x2771c77c,0x4ced014a,609b1ac2749916ca,609b1ac2749916ca,609b1ac2749916ca,609b1ac26a5bc7a9,0,,,0xc21a9b60,0xca169974,0xc21a9b60,0xca169974,0xc21a9b60,0xa9c75b6a
184,84,-12,12,65,1,normal,normal_no_fault,0x2915f3fb,fbf31529,ab5d7794301179818cd637316b5cc4ff,0x94775dab,0x81791130,0x3137d68c,0xffc45c6b,dbe355a858eb57ac,dbe355a858eb57ac,dbe355a858eb57ac,dbe355a873a72239,0,,,0xa855e3db,0xac57eb58,0xa855e3db,0xac57eb58,0xa855e3db,0x3922a773
185,85,-12,12,65,1,normal,normal_no_fault,0x4e70af12,12af704e,0d64a7d98293511fc547dcf3195201bb,0xd9a7640d,0x1f519382,0xf3dc47c5,0xbb015219,12bd71559ea8a515,12bd71559ea8a515,12bd71559ea8a515,12bd715517ebf49f,0,,,0x5571bd12,0x15a5a89e,0x5571bd12,0x15a5a89e,0x5571bd12,0x9ff4eb17
186,86,-12,12,65,1,normal,normal_no_fault,0x1976acd1,d1ac7619,06d8fd893a915be35fba75926044624e,0x89fdd806,0xe35b913a,0x9275ba5f,0x4e624460,f1ac345bcde43213,f1ac345bcde43213,f1ac345bcde43213,f1ac345bd7340399,0,,,0x5b34acf1,0x1332e4cd,0x5b34acf1,0x1332e4cd,0x5b34acf1,0x990334d7
187,87,-12,12,65,1,normal,normal_no_fault,0x01f128d7,d728f101,aa39770f2e1ac39fbb517ef127149ba8,0x0f7739aa,0x9fc31a2e,0xf17e51bb,0xa89b1427,f13872897539d699,f13872897539d699,f13872897539d699,f13872897d398700,0,,,0x897238f1,0x99d63975,0x897238f1,0x99d63975,0x897238f1,0x0087397d
188,88,-12,12,65,1,normal,normal_no_fault,0x82414019,19404182,7804f2dd3896b894e1b0cb1f88b7a549,0xddf20478,0x94b89638,0x1fcbb0e1,0x49a5b788,11d6e18251d4abc2,11d6e18251d4abc2,11d6e18251d4abc2,11d6e1827940839f,0,,,0x82e1d611,0xc2abd451,0x82e1d611,0xc2abd451,0x82e1d611,0x9f834079
189,89,-12,12,65,1,normal,normal_no_fault,0xcba20b9a,9a0ba2cb,ad4deae9ef8588b2a00d9165cb65b932,0xe9ea4dad,0xb28885ef,0x65910da0,0x32b965cb,510e2af913460aaa,510e2af913460aaa,510e2af913460aaa,510e2af93a0622aa,0,,,0xf92a0e51,0xaa0a4613,0xf92a0e51,0xaa0a4613,0xf92a0e51,0xaa22063a
190,90,-12,12,65,1,normal,normal_no_fault,0x7ec70c84,840cc77e,115226603c7d3f0cfb37b301a0a36beb,0x60265211,0x0c3f7d3c,0x01b337fb,0xeb6ba3a0,a42dec76ad29f41e,a42dec76ad29f41e,a42dec76ad29f41e,a42dec76951ee57e,0,,,0x76ec2da4,0x1ef429ad,0x76ec2da4,0x1ef429ad,0x76ec2da4,0x7ee51e95
191,91,-12,12,65,1,normal,normal_no_fault,0xec554839,394855ec,90fcd89f5f931275ac3361e4c85d5b0e,0x9fd8fc90,0x7512935f,0xe46133ac,0x0e5b5dc8,715947e835374d02,715947e835374d02,715947e835374d02,715947e8b9781568,0,,,0xe8475971,0x024d3735,0xe8475971,0x024d3735,0xe8475971,0x681578b9
192,92,-12,12,65,1,normal,normal_no_fault,0xf8af5948,4859aff8,9b05cecc6bad412f3c87f862e3d8fb84,0xccce059b,0x2f41ad6b,0x62f8873c,0x84fbd8e3,2bd1eefcfbd9ed1e,2bd1eefcfbd9ed1e,2bd1eefcfbd9ed1e,2bd1eefc505c67b8,0,,,0xfceed12b,0x1eedd9fb,0xfceed12b,0x1eedd9fb,0xfceed12b,0xb8675c50
193,93,-12,12,65,1,normal,normal_no_fault,0x0a3c1e98,981e3c0a,56287be459fd603d14b676d51b8609ad,0xe47b2856,0x3d60fd59,0xd576b614,0xad09861b,819a3c278e8a277f,819a3c278e8a277f,819a3c278e8a277f,819a3c278c3e4ece,0,,,0x273c9a81,0x7f278a8e,0x273c9a81,0x7f278a8e,0x273c9a81,0xce4e3e8c
194,94,-12,12,65,1,normal,normal_no_fault,0xb4631499,991463b4,d6af9279269d1ecddd8be88b675fc532,0x7992afd6,0xcd1e9d26,0x8be88bdd,0x32c55f67,bf0967b40f196b04,bf0967b40f196b04,bf0967b40f196b04,bf0967b44d9fe3bd,0,,,0xb46709bf,0x046b190f,0xb46709bf,0x046b190f,0xb46709bf,0xbde39f4d
195,95,-12,12,65,1,normal,normal_no_fault,0x3a54162e,2e16543a,8f80e7f330cc6e0fdb53e18f4f7a154e,0xf3e7808f,0x0f6ecc30,0x8fe153db,0x4e157a4f,2e5e5034ba56d0f4,2e5e5034ba56d0f4,2e5e5034ba56d0f4,2e5e5034a516b5b9,0,,,0x34505e2e,0xf4d056ba,0x34505e2e,0xf4d056ba,0x34505e2e,0xb9b516a5
196,96,-12,12,65,1,normal,normal_no_fault,0xbca33c19,193ca3bc,0e2370d6344f7d80421ee0faeff0b081,0xd670230e,0x807d4f34,0xfae01e42,0x81b0f0ef,3d7c933c1510936e,3d7c933c1510936e,3d7c933c1510936e,3d7c933c1b3ec36e,0,,,0x3c937c3d,0x6e931015,0x3c937c3d,0x6e931015,0x3c937c3d,0x6ec33e1b
197,97,-12,12,65,1,normal,normal_no_fault,0x31ec6ca3,a36cec31,557fc42362e271c9b4e26463c3ce3fda,0x23c47f55,0xc971e262,0x6364e2b4,0xda3fcec3,e1aeddf9d6a2cc51,e1aeddf9d6a2cc51,e1aeddf9d6a2cc51,e1aeddf9b70ea812,0,,,0xf9ddaee1,0x51cca2d6,0xf9ddaee1,0x51cca2d6,0xf9ddaee1,0x12a80eb7
198,98,-12,12,65,1,normal,normal_no_fault,0xcd82aa10,10aa82cd,8cb52e285eccd8c7d713eb126758ff1d,0x282eb58c,0xc7d8cc5e,0x12eb13d7,0x1dff5867,56e25ac8c6ab4ec7,56e25ac8c6ab4ec7,56e25ac8c6ab4ec7,56e25ac894bba8cd,0,,,0xc85ae256,0xc74eabc6,0xc85ae256,0xc74eabc6,0xc85ae256,0xcda8bb94
199,99,-12,12,65,1,normal,normal_no_fault,0xdc766050,506076dc,140a65e0e9a0c9d90eb64906101a2f2b,0xe0650a14,0xd9c9a0e9,0x0649b60e,0x2b2f1a10,50607fd54cc85bfc,50607fd54cc85bfc,50607fd54cc85bfc,50607fd5546237dc,0,,,0xd57f6050,0xfc5bc84c,0xd57f6050,0xfc5bc84c,0xd57f6050,0xdc376254
200,100,-12,12,65,1,normal,normal_no_fault,0x735c0e9f,9f0e5c73,e9f7451c113d774db4a1abf6b56db991,0x1c45f7e9,0x4d773d11,0xf6aba1b4,0x91b96db5,8e236d728eeb7f33,8e236d728eeb7f33,8e236d728eeb7f33,8e236d723faf5d67,0,,,0x726d238e,0x337feb8e,0x726d238e,0x337feb8e,0x726d238e,0x675daf3f
201,1,-12,12,66,1,normal,normal_no_fault,0x1132e7a6,a6e73211,ce07c15a1001f46d903e879f10fa5065,0x5ac107ce,0x6df40110,0x9f873e90,0x6550fa10,b6e7627436e37746,b6e7627436e37746,b6e7627436e37746,b6e7627426e1b30b,0,,,0x7462e7b6,0x4677e336,0x7462e7b6,0x4677e336,0x7462e7b6,0x0bb3e126
202,2,-12,12,66,1,normal,normal_no_fault,0xa8e7c4cf,cfc4e7a8,3a45703b8b4aeb6407b685ac52d028f9,0x3b70453a,0x64eb4a8b,0xac85b607,0xf928d052,cd84cfc8dc82469d,cd84cfc8dc82469d,cd84cfc8dc82469d,cd84cfc8cdc0e780,0,,,0xc8cf84cd,0x9d4682dc,0xc8cf84cd,0x9d4682dc,0xc8cf84cd,0x80e7c0cd
203,3,-12,12,66,1,normal,normal_no_fault,0x37e941bc,bc41e937,05b6efb5f88fc36b1a3c8caf8d427810,0xb5efb605,0x6bc38ff8,0xaf8c3c1a,0x1078428d,3443a937a17b8da9,3443a937a17b8da9,3443a937a17b8da9,3443a937bc756592,0,,,0x37a94334,0xa98d7ba1,0x37a94334,0xa98d7ba1,0x37a94334,0x926575bc
204,4,-12,12,66,1,normal,normal_no_fault,0x39ce5ea0,a05ece39,768a4cdafd49407fe62c611c2e8f4d3a,0xda4c8a76,0x7f4049fd,0x1c612ce6,0x3a4d8f2e,8c578e0304d48227,8c578e0304d48227,8c578e0304d48227,8c578e03c6568e21,0,,,0x038e578c,0x2782d404,0x038e578c,0x2782d404,0x038e578c,0x218e56c6
205,5,-12,12,66,1,normal,normal_no_fault,0x09fc0fdf,df0ffc09,e0d1e0d280aea93ab5560d8de84bb4be,0xd2e0d1e0,0x3aa9ae80,0x8d0d56b5,0xbeb44be8,5f055c331f185513,5f055c331f185513,5f055c331f185513,5f055c337f5ffc89,0,,,0x335c055f,0x1355181f,0x335c055f,0x1355181f,0x335c055f,0x89fc5f7f
206,6,-12,12,66,1,normal,normal_no_fault,0x2db8281c,1c28b82d,867f6bb05d2b87ea1051f0c50a5c143f,0xb06b7f86,0xea872b5d,0xc5f05110,0x3f145c0a,1420bc070e24585d,1420bc070e24585d,1420bc070e24585d,1420bc071c79d8ad,0,,,0x07bc2014,0x5d58240e,0x07bc2014,0x5d58240e,0x07bc2014,0xadd8791c
207,7,-12,12,66,1,normal,normal_no_fault,0x75513b22,223b5175,a36b1a6984e8af28067f6a45209c63aa,0x691a6ba3,0x28afe884,0x456a7f06,0xaa639c20,22b3725d0430731c,22b3725d0430731c,22b3725d0430731c,22b3725d20505b34,0,,,0x5d72b322,0x1c733004,0x5d72b322,0x1c733004,0x5d72b322,0x345b5020
208,8,-12,12,66,1,normal,normal_no_fault,0x926e425a,5a426e92,bc2d9b797091e92873244452c650ce31,0x799b2dbc,0x28e99170,0x52442473,0x31ce50c6,1a52a6b29e66a4f3,1a52a6b29e66a4f3,1a52a6b29e66a4f3,1a52a6b26a666ec2,0,,,0xb2a6521a,0xf3a4669e,0xb2a6521a,0xf3a4669e,0xb2a6521a,0xc26e666a
209,9,-12,12,66,1,normal,normal_no_fault,0xd20e34df,df340ed2,6e405565c63b5b62c6a63a48f400f76d,0x6555406e,0x625b3bc6,0x483aa6c6,0x6df700f4,1b345db23b1651b7,1b345db23b1651b7,1b345db23b1651b7,1b345db299341e92,0,,,0xb25d341b,0xb751163b,0xb25d341b,0xb751163b,0xb25d341b,0x921e3499
210,10,-12,12,66,1,normal,normal_no_fault,0xe0e1fa57,57fae1e0,11863c7f0cdd5806c7a72b4b570eb619,0x7f3c8611,0x0658dd0c,0x4b2ba7c7,0x19b60e57,53f6f1e043fff5b0,53f6f1e043fff5b0,53f6f1e043fff5b0,53f6f1e0567cc9ab,0,,,0xe0f1f653,0xb0f5ff43,0xe0f1f653,0xb0f5ff43,0xe0f1f653,0xabc97c56
211,11,-12,12,66,1,normal,normal_no_fault,0xe162fff8,f8ff62e1,f22fde15e4613581977d48e12ca83b6b,0x15de2ff2,0x813561e4,0xe1487d97,0x6b3ba82c,dcdf53e0ce9b3060,dcdf53e0ce9b3060,dcdf53e0ce9b3060,dcdf53e06ad22ae0,0,,,0xe053dfdc,0x60309bce,0xe053dfdc,0x60309bce,0xe053dfdc,0xe02ad26a
212,12,-12,12,66,1,normal,normal_no_fault,0x3856336d,6d335638,67c397a39df016c53270bd78510f6143,0xa397c367,0xc516f09d,0x78bd7032,0x43610f51,7c3356791e00d65b,7c3356791e00d65b,7c3356791e00d65b,7c3356794f73c318,0,,,0x7956337c,0x5bd6001e,0x7956337c,0x5bd6001e,0x7956337c,0x18c3734f
213,13,-12,12,66,1,normal,normal_no_fault,0xa305b6ed,edb605a3,28c00518533e1a4d3f9478714a28c049,0x1805c028,0x4d1a3e53,0x7178943f,0x49c0284a,af9e05eade221dfa,af9e05eade221dfa,af9e05eade221dfa,af9e05eac53605b3,0,,,0xea059eaf,0xfa1d22de,0xea059eaf,0xfa1d22de,0xea059eaf,0xb30536c5
214,14,-12,12,66,1,normal,normal_no_fault,0xd1a76320,2063a7d1,3154de91059c37127b3d69e1164f1dbf,0x91de5431,0x12379c05,0xe1693d7b,0xbf1d4f16,246fb2c3002fd2c1,246fb2c3002fd2c1,246fb2c3002fd2c1,246fb2c31177ef50,0,,,0xc3b26f24,0xc1d22f00,0xc3b26f24,0xc1d22f00,0xc3b26f24,0x50ef7711
215,15,-12,12,66,1,normal,normal_no_fault,0x8d0f480d,0d480f8d,819032c123eb0f6137ce54d9541491f0,0xc1329081,0x610feb23,0xd954ce37,0xf0911454,0d480eed2f120bcd,0d480eed2f120bcd,0d480eed2f120bcd,0d480eed0cc81f4c,0,,,0xed0e480d,0xcd0b122f,0xed0e480d,0xcd0b122f,0xed0e480d,0x4c1fc80c
216,16,-12,12,66,1,normal,normal_no_fault,0xcbdecfbc,bccfdecb,7a1f3b5642df48036c39d7943581b560,0x563b1f7a,0x0348df42,0x94d7396c,0x60b58135,bc4edecba4cebc9f,bc4edecba4cebc9f,bc4edecba4cebc9f,bc4edecbd4d6cddf,0,,,0xcbde4ebc,0x9fbccea4,0xcbde4ebc,0x9fbccea4,0xcbde4ebc,0xdfcdd6d4
217,17,-12,12,66,1,normal,normal_no_fault,0x7dbd26b0,b026bd7d,48eaa08cd94c80d406b1d4f8757aa1ee,0x8ca0ea48,0xd4804cd9,0xf8d4b106,0xeea17a75,e16e3db9f0ec1da9,e16e3db9f0ec1da9,e16e3db9f0ec1da9,e16e3db9b0863df5,0,,,0xb93d6ee1,0xa91decf0,0xb93d6ee1,0xa91decf0,0xb93d6ee1,0xf53d86b0
218,18,-12,12,66,1,normal,normal_no_fault,0xb8373073,733037b8,3705c17fc474112fc7b7cdf78391edb3,0x7fc10537,0x2f1174c4,0xf7cdb7c7,0xb3ed9183,f320369bb30036db,f320369bb30036db,f320369bb30036db,f320369b7435f6cf,0,,,0x9b3620f3,0xdb3600b3,0x9b3620f3,0xdb3600b3,0x9b3620f3,0xcff63574
219,19,-12,12,66,1,normal,normal_no_fault,0xf22ef5bd,bdf52ef2,9bafa83750a5f0e2099e2bafdff2a744,0x37a8af9b,0xe2f0a550,0xaf2b9e09,0x44a7f2df,ed558eb22f5d8673,ed558eb22f5d8673,ed558eb22f5d8673,ed558eb2b47b06d5,0,,,0xb28e55ed,0x73865d2f,0xb28e55ed,0x73865d2f,0xb28e55ed,0xd5067bb4
220,20,-12,12,66,1,normal,normal_no_fault,0xa2143792,923714a2,90146803123f84e0a325aa3d2c048da1,0x03681490,0xe0843f12,0x3daa25a3,0xa18d042c,923390021012b482,923390021012b482,923390021012b482,9233900212333ca3,0,,,0x02903392,0x82b41210,0x02903392,0x82b41210,0x02903392,0xa33c3312
221,21,-12,12,66,1,normal,normal_no_fault,0x8d4dce01,01ce4d8d,7fc947b380cca19d60b0a6e0e27556d0,0xb347c97f,0x9da1cc80,0xe0a6b060,0xd05675e2,818a4d1d038fad3d,818a4d1d038fad3d,818a4d1d038fad3d,818a4d1d614e4b2d,0,,,0x1d4d8a81,0x3dad8f03,0x1d4d8a81,0x3dad8f03,0x1d4d8a81,0x2d4b4e61
222,22,-12,12,66,1,normal,normal_no_fault,0xbfb2b264,64b2b2bf,0fb96eafb84a1e887ec399bae7d191f8,0xaf6eb90f,0x881e4ab8,0xba99c37e,0xf891d1e7,c4f2a23755e0a235,c4f2a23755e0a235,c4f2a23755e0a235,c4f2a2376a33ba15,0,,,0x37a2f2c4,0x35a2e055,0x37a2f2c4,0x35a2e055,0x37a2f2c4,0x15ba336a
223,23,-12,12,66,1,normal,normal_no_fault,0xe17a324b,4b327ae1,e3bdb2c687d2fd2aaad52696478810fd,0xc6b2bde3,0x2afdd287,0x9626d5aa,0xfd108847,4cb26ac928ff6ca1,4cb26ac928ff6ca1,4cb26ac928ff6ca1,4cb26ac9e9a75867,0,,,0xc96ab24c,0xa16cff28,0xc96ab24c,0xa16cff28,0xc96ab24c,0x6758a7e9
224,24,-12,12,66,1,normal,normal_no_fault,0x92e7a281,81a2e792,be1d2780f46e6764c5ec4a78a7917f5a,0x80271dbe,0x64676ef4,0x784aecc5,0x5a7f91a7,25a280d267d380f2,25a280d267d380f2,25a280d267d380f2,25a280d205aee592,0,,,0xd280a225,0xf280d367,0xd280a225,0xf280d367,0xd280a225,0x92e5ae05
225,25,-12,12,66,1,normal,normal_no_fault,0x9c72f8c0,c0f8729c,1a9fa6c994dde14aee70f0ea5e9088f2,0xc9a69f1a,0x4ae1dd94,0xeaf070ee,0xf288905e,d468f2de5428b2de,d468f2de5428b2de,d468f2de5428b2de,d468f2decae8d254,0,,,0xdef268d4,0xdeb22854,0xdef268d4,0xdeb22854,0xdef268d4,0x54d2e8ca
226,26,-12,12,66,1,normal,normal_no_fault,0x5eaf33b7,b733af5e,ece7ecb36050b18dee9146df38826dda,0xb3ece7ec,0x8db15060,0xdf4691ee,0xda6d8238,97338ed6132087d2,97338ed6132087d2,97338ed6132087d2,97338ed65bb2ebcd,0,,,0xd68e3397,0xd2872013,0xd68e3397,0xd2872013,0xd68e3397,0xcdebb25b
227,27,-12,12,66,1,normal,normal_no_fault,0xea4cb16a,6ab14cea,39bd21bfa910aefe2e8e85fdeec96b62,0xbf21bd39,0xfeae10a9,0xfd858e2e,0x626bc9ee,c2b1668842b4e889,c2b1668842b4e889,c2b1668842b4e889,c2b16688423d4d57,0,,,0x8866b1c2,0x89e8b442,0x8866b1c2,0x89e8b442,0x8866b1c2,0x574d3d42
228,28,-12,12,66,1,normal,normal_no_fault,0x3f217516,1675213f,05aa3717c042a45b9a273d0fa2760e29,0x1737aa05,0x5ba442c0,0x0f3d279a,0x290e76a2,9637253696773632,9637253696773632,9637253696773632,9637253616571438,0,,,0x36253796,0x32367796,0x36253796,0x32367796,0x36253796,0x38145716
229,29,-12,12,66,1,normal,normal_no_fault,0xd5dc55ec,ec55dcd5,d03d668ab48ca480a9cc541d78b115ac,0x8a663dd0,0x80a48cb4,0x1d54cca9,0xac15b178,dcd5d8559ce49855,dcd5d8559ce49855,dcd5d8559ce49855,dcd5d8556c5998dd,0,,,0x55d8d5dc,0x5598e49c,0x55d8d5dc,0x5598e49c,0x55d8d5dc,0xdd98596c
230,30,-12,12,66,1,normal,normal_no_fault,0x654f00d8,d8004f65,dd6ff321e0857e752b7b2e06450d3a8d,0x21f36fdd,0x757e85e0,0x062e7b2b,0x8d3a0d45,98057560b4677160,98057560b4677160,98057560b4677160,98057560d16b6d65,0,,,0x60750598,0x607167b4,0x60750598,0x607167b4,0x60750598,0x656d6bd1
231,31,-12,12,66,1,normal,normal_no_fault,0x2cff21d9,d921ff2c,c698ad121cabdd5afd761f2589f9a5f3,0x12ad98c6,0x5addab1c,0x251f76fd,0xf3a5f989,d1887a7e818b4a3e,d1887a7e818b4a3e,d1887a7e818b4a3e,d1887a7e1d31f22c,0,,,0x7e7a88d1,0x3e4a8b81,0x7e7a88d1,0x3e4a8b81,0x7e7a88d1,0x2cf2311d
232,32,-12,12,66,1,normal,normal_no_fault,0x5c08b89b,9bb8085c,cd1f22e93688d1469dceb569be5f42b6,0xe9221fcd,0x46d18836,0x69b5ce9d,0xb6425fbe,adb0485a8e21bbd5,adb0485a8e21bbd5,adb0485a8e21bbd5,adb0485a16b62835,0,,,0x5a48b0ad,0xd5bb218e,0x5a48b0ad,0xd5bb218e,0x5a48b0ad,0x3528b616
233,33,-12,12,66,1,normal,normal_no_fault,0x99385f35,355f3899,4582e03561db9ef3d34333ff6548b873,0x35e08245,0xf39edb61,0xff3343d3,0x73b84865,5417a0ea701eaa6e,5417a0ea701eaa6e,5417a0ea701eaa6e,5417a0ea745d18ac,0,,,0xeaa01754,0x6eaa1e70,0xeaa01754,0x6eaa1e70,0xeaa01754,0xac185d74
234,34,-12,12,66,1,normal,normal_no_fault,0x1c0ec153,53c10e1c,cb75cd95e1ef0be5defe90300e237e26,0x95cd75cb,0xe50befe1,0x3090fede,0x267e230e,53e20438537ac228,53e20438537ac228,53e20438537ac228,53e2043899b58e0c,0,,,0x3804e253,0x28c27a53,0x3804e253,0x28c27a53,0x3804e253,0x0c8eb599
235,35,-12,12,66,1,normal,normal_no_fault,0x001293b2,b2931200,e7026ae2490fc2cbfc2352cc30e385dc,0xe26a02e7,0xcbc20f49,0xcc5223fc,0xdc85e330,b29092c83e9012c8,b29092c83e9012c8,b29092c83e9012c8,b29092c8569150c0,0,,,0xc89290b2,0xc812903e,0xc89290b2,0xc812903e,0xc89290b2,0xc0509156
236,36,-12,12,66,1,normal,normal_no_fault,0xf892a71b,1ba792f8,221fa77b818ec012e927b09b62d6b1ac,0x7ba71f22,0x12c08e81,0x9bb027e9,0xacb1d662,1b2112f898b013d9,1b2112f898b013d9,1b2112f898b013d9,1b2112f83ba032e3,0,,,0xf812211b,0xd913b098,0xf812211b,0xd913b098,0xf812211b,0xe332a03b
237,37,-12,12,66,1,normal,normal_no_fault,0x4b1fb5aa,aab51f4b,359a91e576f49189713b75dbee46ecff,0xe5919a35,0x8991f476,0xdb753b71,0xffec46ee,ccf19fc2cf9d9fe6,ccf19fc2cf9d9fe6,ccf19fc2cf9d9fe6,ccf19fc29baf0e8a,0,,,0xc29ff1cc,0xe69f9dcf,0xc29ff1cc,0xe69f9dcf,0xc29ff1cc,0x8a0eaf9b
238,38,-12,12,66,1,normal,normal_no_fault,0xe7ebc470,70c4ebe7,fb1c3a00cad531755deca9263f5dda53,0x003a1cfb,0x7531d5ca,0x26a9ec5d,0x53da5d3f,7a91fbb65a10f8c3,7a91fbb65a10f8c3,7a91fbb65a10f8c3,7a91fbb629c8c3e7,0,,,0xb6fb917a,0xc3f8105a,0xb6fb917a,0xc3f8105a,0xb6fb917a,0xe7c3c829
239,39,-12,12,66,1,normal,normal_no_fault,0xe01afd1e,1efd1ae0,a3c1b65831600f6605945a5c7456d517,0x58b6c1a3,0x660f6031,0x5c5a9405,0x17d55674,2ebd1fe63e3d96ec,2ebd1fe63e3d96ec,2ebd1fe63e3d96ec,2ebd1fe61f7d08b8,0,,,0xe61fbd2e,0xec963d3e,0xe61fbd2e,0xec963d3e,0xe61fbd2e,0xb8087d1f
240,40,-12,12,66,1,normal,normal_no_fault,0x4772d2d4,d4d27247,fb781b8a472ebb67ce59cbf5c890fc75,0x8a1b78fb,0x67bb2e47,0xf5cb59ce,0x75fc90c8,94d2ca229092eaa2,94d2ca229092eaa2,94d2ca229092eaa2,94d2ca221e8a79c7,0,,,0x22cad294,0xa2ea9290,0x22cad294,0xa2ea9290,0x22cad294,0xc7798a1e
241,41,-12,12,66,1,normal,normal_no_fault,0x7001ef2d,2def0170,28b7accc7b9d49d45d7d7360ebc00f24,0xccacb728,0xd4499d7b,0x60737d5d,0x240fc0eb,466f087454476c74,466f087454476c74,466f087454476c74,466f087425da2130,0,,,0x74086f46,0x746c4754,0x74086f46,0x746c4754,0x74086f46,0x3021da25
242,42,-12,12,66,1,normal,normal_no_fault,0xaa37d354,54d337aa,1d1930ab290145c631ef05cdb8faeb41,0xab30191d,0xc6450129,0xcd05ef31,0x41ebfab8,7cd376ea7cc312e6,7cd376ea7cc312e6,7cd376ea7cc312e6,7cd376ea45da3723,0,,,0xea76d37c,0xe612c37c,0xea76d37c,0xe612c37c,0xea76d37c,0x2337da45
243,43,-12,12,66,1,normal,normal_no_fault,0x0cc245f9,f945c20c,a3c2d10529b45f3014e1b934fa36c080,0x05d1c2a3,0x305fb429,0x34b9e114,0x80c036fa,d171820c5b278a38,d171820c5b278a38,d171820c5b278a38,d171820cf9855308,0,,,0x0c8271d1,0x388a275b,0x0c8271d1,0x388a275b,0x0c8271d1,0x085385f9
244,44,-12,12,66,1,normal,normal_no_fault,0xc8101e72,721e10c8,7538feec7ee7b70927f8169db977b08c,0xecfe3875,0x09b7e77e,0x9d16f827,0x8cb077b9,4a79a0c040f6a0c1,4a79a0c040f6a0c1,4a79a0c040f6a0c1,4a79a0c057260644,0,,,0xc0a0794a,0xc1a0f640,0xc0a0794a,0xc1a0f640,0xc0a0794a,0x44062657
245,45,-12,12,66,1,normal,normal_no_fault,0x603770a0,a0703760,713aa38f471f8a84c3c3cff96a80005e,0x8fa33a71,0x848a1f47,0xf9cfc3c3,0x5e00806a,e2703764c2713e67,e2703764c2713e67,e2703764c2713e67,e2703764e172b4e9,0,,,0x643770e2,0x673e71c2,0x643770e2,0x673e71c2,0x643770e2,0xe9b472e1
